-- phpMyAdmin SQL Dump
-- version 4.7.4
-- https://www.phpmyadmin.net/
--
-- Host: 127.0.0.1
-- Generation Time: Mar 25, 2018 at 07:36 AM
-- Server version: 10.1.28-MariaDB
-- PHP Version: 7.1.11

SET SQL_MODE = "NO_AUTO_VALUE_ON_ZERO";
SET AUTOCOMMIT = 0;
START TRANSACTION;
SET time_zone = "+00:00";


/*!40101 SET @OLD_CHARACTER_SET_CLIENT=@@CHARACTER_SET_CLIENT */;
/*!40101 SET @OLD_CHARACTER_SET_RESULTS=@@CHARACTER_SET_RESULTS */;
/*!40101 SET @OLD_COLLATION_CONNECTION=@@COLLATION_CONNECTION */;
/*!40101 SET NAMES utf8mb4 */;

--
-- Database: `manage`
--

-- --------------------------------------------------------

--
-- Table structure for table `attendance`
--

CREATE TABLE `attendance` (
  `attid` int(10) NOT NULL,
  `sid` int(10) NOT NULL,
  `cid` int(10) NOT NULL,
  `attendance` varchar(10) NOT NULL,
  `date` datetime NOT NULL DEFAULT CURRENT_TIMESTAMP
) ENGINE=InnoDB DEFAULT CHARSET=latin1;

--
-- Dumping data for table `attendance`
--

INSERT INTO `attendance` (`attid`, `sid`, `cid`, `attendance`, `date`) VALUES
(29, 20154100, 4401, 'P', '2018-03-06 13:48:01'),
(30, 20154170, 4401, 'A', '2018-03-06 13:48:01'),
(31, 20151010, 4401, 'A', '2018-03-06 13:49:00'),
(33, 20151010, 4401, 'P', '2018-03-06 13:51:02'),
(34, 20154100, 4401, 'P', '2018-03-06 13:53:57'),
(35, 20154170, 4401, 'P', '2018-03-06 13:53:58'),
(36, 20154100, 4401, 'A', '2018-03-06 13:54:13'),
(37, 20154170, 4401, 'P', '2018-03-06 13:54:14'),
(38, 20154100, 4401, 'A', '2018-03-06 13:56:08'),
(39, 20154170, 4401, 'P', '2018-03-06 13:56:08'),
(40, 20151010, 4401, 'P', '2018-03-06 22:50:18'),
(41, 20151010, 4401, 'P', '2018-03-10 09:04:56'),
(42, 20154100, 4401, 'P', '2018-03-10 09:05:18');

-- --------------------------------------------------------

--
-- Table structure for table `course`
--

CREATE TABLE `course` (
  `cid` int(10) NOT NULL,
  `semester` int(10) NOT NULL,
  `name` varchar(20) DEFAULT NULL,
  `credit` int(10) DEFAULT NULL,
  `fid` int(10) NOT NULL,
  `did` int(10) NOT NULL
) ENGINE=InnoDB DEFAULT CHARSET=latin1;

--
-- Dumping data for table `course`
--

INSERT INTO `course` (`cid`, `semester`, `name`, `credit`, `fid`, `did`) VALUES
(4401, 4, 'algo', 4, 20001001, 4),
(4403, 4, 'com', 3, 20004001, 4);

-- --------------------------------------------------------

--
-- Table structure for table `department`
--

CREATE TABLE `department` (
  `did` int(10) NOT NULL,
  `name` varchar(30) NOT NULL,
  `hodid` int(10) DEFAULT NULL
) ENGINE=InnoDB DEFAULT CHARSET=latin1;

--
-- Dumping data for table `department`
--

INSERT INTO `department` (`did`, `name`, `hodid`) VALUES
(1, 'civil', NULL),
(2, 'ee', NULL),
(3, 'mech', NULL),
(4, 'cse', NULL),
(5, 'ece', NULL),
(6, 'pie', NULL),
(8, 'it', NULL),
(9, 'chem', NULL);

-- --------------------------------------------------------

--
-- Table structure for table `enrollment`
--

CREATE TABLE `enrollment` (
  `eid` int(10) NOT NULL,
  `sid` int(10) DEFAULT NULL,
  `cid` int(10) DEFAULT NULL,
  `mark_sessional` int(10) DEFAULT NULL,
  `mark_mid` int(10) DEFAULT NULL,
  `mark_end` int(10) DEFAULT NULL,
  `grade` varchar(10) DEFAULT NULL,
  `attendence` int(10) DEFAULT NULL
) ENGINE=InnoDB DEFAULT CHARSET=latin1;

--
-- Dumping data for table `enrollment`
--

INSERT INTO `enrollment` (`eid`, `sid`, `cid`, `mark_sessional`, `mark_mid`, `mark_end`, `grade`, `attendence`) VALUES
(1, 20154100, 4401, NULL, NULL, NULL, NULL, NULL),
(2, 20151010, 4401, NULL, NULL, NULL, NULL, NULL),
(3, 20154170, 4401, NULL, NULL, NULL, NULL, NULL);

-- --------------------------------------------------------

--
-- Table structure for table `faculty`
--

CREATE TABLE `faculty` (
  `fid` int(10) NOT NULL,
  `did` int(10) DEFAULT NULL,
  `first_name` varchar(20) DEFAULT NULL,
  `last_name` varchar(20) DEFAULT NULL,
  `dob` date DEFAULT NULL,
  `email` varchar(30) NOT NULL,
  `mobile` int(10) NOT NULL,
  `salary` int(10) DEFAULT NULL,
  `post` varchar(20) DEFAULT NULL,
  `image` longblob NOT NULL
) ENGINE=InnoDB DEFAULT CHARSET=latin1;

--
-- Dumping data for table `faculty`
--

INSERT INTO `faculty` (`fid`, `did`, `first_name`, `last_name`, `dob`, `email`, `mobile`, `salary`, `post`, `image`) VALUES
(20001001, 4, 'dinesh', 'jangid', '1990-11-11', 'din@mnnit.ac.in', 0, NULL, NULL, ''),
(20004001, 4, 'mm', 'gore', '1988-11-12', 'gore@mnnit.ac.in', 0, NULL, NULL, '');

-- --------------------------------------------------------

--
-- Table structure for table `student`
--

CREATE TABLE `student` (
  `sid` int(10) NOT NULL,
  `did` int(10) DEFAULT NULL,
  `first_name` varchar(20) DEFAULT NULL,
  `last_name` varchar(20) DEFAULT NULL,
  `grp` varchar(20) NOT NULL,
  `dob` date DEFAULT NULL,
  `father_name` varchar(30) DEFAULT NULL,
  `email` varchar(30) DEFAULT NULL,
  `mobile` varchar(10) DEFAULT NULL,
  `gender` varchar(10) DEFAULT NULL,
  `caste` varchar(20) DEFAULT NULL,
  `address` varchar(100) NOT NULL,
  `image` longblob,
  `nationality` varchar(20) NOT NULL,
  `religion` varchar(20) NOT NULL
) ENGINE=InnoDB DEFAULT CHARSET=latin1;

--
-- Dumping data for table `student`
--

INSERT INTO `student` (`sid`, `did`, `first_name`, `last_name`, `grp`, `dob`, `father_name`, `email`, `mobile`, `gender`, `caste`, `address`, `image`, `nationality`, `religion`) VALUES
(20151010, 1, 'ayush', 'jain', 'csa', '1998-05-23', NULL, 'ayush@gmail.com', NULL, NULL, NULL, '', NULL, '', '');
INSERT INTO `student` (`sid`, `did`, `first_name`, `last_name`, `grp`, `dob`, `father_name`, `email`, `mobile`, `gender`, `caste`, `address`, `image`, `nationality`, `religion`) VALUES
(20154100, 4, 'naval', 'kishore', 'csb', '1997-03-01', ' anand kumar jangid', 'jangidnaval@gmail.com', '9549545468', 'M', 'OBC', 'raj', 0x89504e470d0a1a0a0000000d494844520000024e000000d20806000000bc624fe4000000017352474200aece1ce90000000467414d410000b18f0bfc6105000000097048597300000ec300000ec301c76fa864000093e149444154785eed5d07581547d7febf7c6a4cefcd687a3789e9dd7ce9b1444d2c516312a3898926d6c4c434132e4510902a1851b1a1d845ec1d415144548a20605704110ba22252de7fdfb977aecbf5824080eb85797dce83777776767677e6cc3b67ce9cf93f28282828282828282854088a38292828282828282854108a38292828282828282854108a38292828282828282854108a38292828282828282854108a38292828282828282854108a38292828282828282854108a38292828282828282854108a38292828282828282854108a38292828282828282854108a38292828282828282854108a38292828282828282854108a38292828282828282854108a38292828282828282854108a38292828282828282854108a38292828282828282854108a38292828282828282854108a38292828282828282854108a38292828282828282854108a3829282828282828285410970571cacdcd85afaf2f3a76ec88b7df7e1bafbdf69a12254a9428515263f2c61b6fa04d9b36e8dfbf3fe2e3e34dbd9182c2a56153e2b46fdf3efcf0c30fb8eebaebf07ffff77f4a942851a244894de4cd37df44585898a9775250281b36234ea9a9a9b8ebaebbac56e0fffce73f17fd9662edb8b563554d5bd174fae3d68ed546da8aa6d31fb776ac36d25aa6a9889495afe531fdef8a88b56b2a7aaff28e5b3b561b692b9a4e7fdcdab1da485bd174fae3d68ed546da8aa6d31fb776ac36d25aa6a9889495afe531fdef8a88b56b2a7aaff28e5b3bf66fd2962523478e34f552d58b13274ee0f0e1c34a6a484a4a4a4c6fbae66113e264499aaebaea2af4ebd70f898989282828102f60f5ead5d8b973a7e90a234e9d3a85f9f3e7232f2fcf74c488848404444646e2fcf9f3a62317d21e3b76cc74c488a4a42444444488fb4830bf9c9c1cd32f23589675ebd65538cfe8e8681416169a8e0067cf9ec5b265cbc407d563efdebde2787e7ebee90870e6cc192c5cb8f0a2b47c4f7c0fe7ce9d331db1cfb2ca0acdbf7bf6ec1179f29efc4d61feab56ad12df5b1ea3f0fa79f3e689a95cfe96d8bf7f3f962c5982a2a222f19be778df356bd6203939d97c8c72fcf87191c7c99327cdc78a8b8bb165cb16f37be03142d50355567b2cabacbffc6b2fed4ba64d494911f9327f99eef4e9d358b060018e1c39624e47e10c059f43a6a530ff0d1b3688f7ae4fcb72f1fbc867a3f079366edc28cac63252780f1f1f1fdc73cf3d354a9ef8dcccf7d65b6f555203c2773b6ad428d3dbae79d43a7162a56fd6ac99b9823ef6d863a2a14ab072c7c4c460fbf6eda62346c88640852541454685c646a3071b031b1e1ba00495c7f2e5cb85b2d283bf795c820d313c3c1c595959a623465041f25e7ac2c5ff9384eddab5cb74c488ececec8beecfe75eb972e545690f1d3a84c58b170b4527c1ff2f5dba14070e1c301d31824a71c58a15a65ff65156bdd2a242e771fe26f897df93e5a25295c728e9e9e9e27a2a37798cdf90c7784e1e23a894a8bcf57583f7dbb46913366fde2cfe2fd35391322ddf913c4661a742a52ca1ea812aab6a5f35dfbea8abf5e0bd2cdf2ddf1749a3a5eecec8c8c0a2458b04d99428eb7deddebd5bbc733d49e537e1d41cbf11e1e6e666ee972873e6cc11c7ab03ece3682c60399454bf0c1d3a14bffefaabe96dd73c6a9d384d9e3cd95c31efbfff7ea12c08d9c0e2e2e24a8dd8788ca31992269a3a25d8e063636345e365c395282b2d1b3809993e2d1b19d3f21a097e04392291600363232779d3438e96f48d9c0a8a795271e841e7c3a8a8a852a3562a19a6d5e7cbe7e5fd3932aa0b6595dff5e0c183178d406567c3d1b43cc6bfbc87e52896b275eb56ac5fbf5e944b1ee33350f9c9d1a9841c354ba5ca7354c0d646cd7c67f27e12aa1ea8b2aaf65573ed8b048ffa5bff6e991789a3243212fc0e24747ad2c3b4244d244f7a908c5a4b6bcd8a47824832c5724b8c1831c2dc3fbdfaeaaba6a3ff1e8a38d5acd479e2f4c20b2f982b261b8e841cd5b0a14ab001730a8e8a460fd9f0a96cf42039b254745432541e7a224550d1b0914a8524475b6cd07a70e4c2110cf391e0ff79ad247d126cb4960d914a83234e4b65c0b42c975ed1f2ff1c6d592a5a8e78a9ac2599b4b7b25a9b26e075f21bca63fc16fc867a32cce31ce9322deb883c4691a366de431ee3b7e731cb5133eb159f413f6ae639be438ed4793ffe56f54095d5deca6a6fed8bbf4924f4d793dce989278f332f9236ea7b998ef9b0fcd4f3f218fff2799996e5d01fd77f47fea6303fbe5b7e1b9996f7a5558bd381cf3fffbcb98fe27daa038a38d5acd469e2446b92ac902fbef8a2e9a8b1d2ae5dbbd63c5291387af4a81859e9c914c1b41ce1e9c146c6c640e5a407a7fc3812d383692d4782dbb66d13a32da99008390ab466e9b2b45e318d1c05eac1747c6ed94009969165d52b1962c78e1de2b81ef65e56be7fe97f261517f3a4f2e708501ea390cc4ad33b7f13ac1b54c8f43391e039a6a1b2b71c35334fcb51b324e0ac33fc2dc1f7c03ce43be339550f545955fbaaddf6259f4b6f6d232a93967d87655a1223be43cbb4999999a5c827c1b424a069696998346992b99fead3a78f29c5bf83224e352b759a38cd9c39d35c213d3c3c44c5a5195a5a89d8b0d88003020284b3389df6828282306edc38f1d7cbcb0bdf7fff3dc68c19237e53f8ff5f7ef905c3870f37a7a5302e14f3e05f793d85e9860d1b66ce83e7fcfdfde1eded6dbe96e2e0e0809f7ffe59a493c7988ef767b92cd3f2a3fdf3cf3fe6637c8641830689e7d4a775757515c7030303cdc7468f1e2d628958a6757272c28f3ffe582a6d4d97954a432afcfaecbc2aa19c9855592ff7b2cafacbbfaa7d19f16fde2d89a7eca71857b03aa08853cd4a9d264e242ab242b283e6fcb4347db371b1a1366edcd89c46896de4f7df7f178a90ca4b3af2f3bb2851a244495d90fffef7bfb8f1c61bcdd64192470912b3468d1a09bdf7ecb3cf9a8efe3b58254ee91bb1e4b74f31e8e987f1c523cf6048f7e15816935e3a4d0dc8cea903306cf00cecb4724e486a34968d9d89b8742dedb4c1183628a4ecb49789d469e2448b88ec9cf990ac4c7234c2ca4ab3b33cdfb76f5f25b52c0f3df49078f78ca6cbca4822cbdf1c3d7294a6448912257541687da36ea3858e1632827ff99b3e54d75c738d38fff4d34f8b73ff161713a774c43abd812e2f0cc2e288add811b70a61df3c894f5efb1b3169a54941754bb2eb2b68f53f6fa4583947495bfc3d7a3ed41711a9bb91be76124226ae42ba95749793d41be2e4e7e7273a666969e2fc387d9778ee8e3beeb0fa7294d4ac70fa8eefbf5bb76e6665c2d199e5ca15050505057b062d4cd47572da8ffa8e7a8e539a9c01b9f6da6bc5f99a234e2958f679137cf6d5ac0bd69c845998f08307d6a56ae77ef90cfec3fb61f0a3f7a3e7eb3d306d69b229cd424ceef60a7a36bb07bd5af644e88a14e3f16d7331be7d0b74bbed767cf1461fcc5b9786d49041f87de84ca4f27c7a2442bfec8629abd274c429153163fa62e8d3f7a36b937bd0fb9def1116b51a211d9aa2558326e8d73b009b4368719a82d8c06ff0e71ff39126ca9a8a88bf3a61a4ffa6b2cb53cb526f88d3d4a9530569e21c34fd9cb8728e73e03ca788936d4412a7afbffe5a7c2f12da2bafbc5211270505853a05499c4898489ee86bc5409ad2cfa9e689d36eec0cfb05fdae6f84ce4fbf0bc30f7f61d6dcf526129588d0771ba055f36f10b6260aabfe7c139d1eee87b5a90908ef7a377a74f241e4a668ac717a1f9f3ed417ab5393b0a0fd75e8f09e0bd6464720fcf3bbd1ea7537248f6c898fdef3335a96d29660d4834de03a27f50271dae68761b73f03df599bb0236e2926b4bc1a5f7c3f0f31ff7c8aee4d3b61c6928d48f06ca9e5e58ea4e503d1f38e6e589ca2e59532132e4d1e86f7926d6594e7c233d696d42be244d244b32849132b2f2b2dcf29e2641b91c4e99b6fbe11a489e66ccef55f92389d8ec08ccf3ac1b193265dbac1fd7b03566d39860b41218c381d3112ee5a1ad791eb20175e17a54cc4e8ce1d61e8585a1c7f9c8e4cd342256bd75d8c53d837d719de1ddec6c0975ec36f3d0d88de75c19156e0640466f6d4cad86324122ef88c0a9c499a8be97d3a60e82b2f61d0873d3175c12ed3bd4e237e4477387e3b16bb4d3ea945bb4230a6f3a798b4305bcb732542ba999e5d279e7e31b8e0eeaaa0a07039411227ae2aa4d33907ef741e2738a0bfd4549dde995d823ad4dddd1dbffdf61bbefaea2b3cf7dc732222b9cc8b62a973d3e39620cc79109c3e7c165d1b37c0a76ddcb1294d234eefdd84a1def1c674292170bcab39fc964c82e1966bd1a7c39718d1b327467cf11e7a3478147e8b4360b8b1193c97a619d3276d42ecc6c44b132791562366634761c2d06f30ecc146e8f2c54c24eba6ea924dc429397d2d029fbe1d7f4f4c466a4877747d7228a293a65a2fcf4a53396a51ea0d719a3871a260f9244dac84acac8a38d9562471eaddbbb7983a6590be8a4cd59d8f1e866faebc123d5e6e87bfdbbd8f1f9a5d8dd6d7bf84c91b75eca4602ba6be7c2d5a356880b62f3b619f891415ac73854b87f618fed623e8a09debfa5c6bfcd5be031c1d574344cb29e3bad23889843f5f41c786d7e0f337bbc3b76f57f4bff34a7ca435ee787350e102a41b5e467b2d9f568d5fc6b4a40b199d5ef72706dedc10edee7b1323faf585cb4b77a2cd554f626c8476714134c63dde106ddff5c7511313cc9bd2111d1ade03df95e7501031085f5dd9189fbfaa3d7b870e26e98431d3f7c06a511514146c0e499c18c28011c2f5cee15ccd474b3bcfdf74d34d68dfbe3dde78e30d346fde5c588d788e7a313434546cf33160c000e137c59579d49decc4bffbee3b419ca49339f3a198f56d7a1416fcf607c2a32f3883a76ff2c3afb73e088ff9db10fa41130c1f6f9af64a9d03b7fb1ec6a8b901f8ed9a26f8e517474c7472328a8b3fd66c08c26f8d1f86dfbad28ee5c9ee1a717ad7c748905217c3f3fed2c469474c0086df711d3e7bbd1d9cbfff15fe1fde814f3f2f8338ed4e47dcdf2fa1cb276330af7313f4fb330ae949ff582fcf969a7770b7947a439c18de9ed626c9dc69326585e5b94b13a7442cfda53d86b56a855f34e1dfdf3bf542d0a428e31cecf629f06f673cae97bfff9e6f9cefd5aedf14fc075c5ab744bf162df0c3bbdd1018bcce3417bc1173fbb6c6b03e7e884ddb8d941501f0e9d0127d9f7a1a7ddffc04be012b44454c5fe1ae5d6fbcbf5e867ded8398b872ee9f381d81ed75e95bb5c35fbdfec0c2a8548b67dc8dc4e041f8cd94ce9cbed370ac8c1c03cfd6ade1eea755deddc958f66b070cebe6242abafefaa42943f0bbb8875e3a63fc7cebf3d0923875e9d245c465e1b260ee23583e712a464ec0fb687765738c8b36da688ad2bdf0f3758df0599f2526ab4d11b2823e42e76b9e8653a7a7d1f6b62fb0de4c688cc89bda091f3768069fe57a2bd1a5af238ab63ae087ab1be18bcf67e1a8602bc53831e33b0c7abd3bc2138c66a2a2bd41187edb35f8b64b277cdbf8368c9c67caa8702ba6bc7035dadcff39d61d32529de22333e0f3daeb18119080e28cd118d6b8217a0fdd60b22015207ed043687d4d5b2cc92e42e6a8b7d0b6f17398bcf5c21269050585da03ad468ccdc4d857244274f0b6043bd60f3ffc102fbdf49258044312435dc78d7fb9ba8ebe4dd27584ffa7dee37912a50913268805334f3df594795f341e6fd9b2a5b02cb9b8b80837136b9831638628d7c553757198f1e14de8d96726124dc7d26347e3b7bb5a2060e57684bedb089f7f3357232cbb91ba6430beb9bd03e6c54720b0c5b5e86f58279cb5d3378d85f7a7bf61d9f628fcd3bc01be775c2f8eef08ee88ce4ffc88149f77d1bac51f62755cfa26570c6a705729e294f04f5b7cf4d000aca7337a5a0426bcdc001dbb4f43ca921ff0d543df5910272d4d8c96479307f0f9ed6f60d2268d1ca597519e04f98cb527f58638319e122b292b2bc178208cf2ca7397244e2973e0f17023b46ed2023fbdf71e86bedb12dfdcd518ad6ef81f26ad4fc7cee95fa1c7958dd1edd97731f4fdf74dd20a6e3e11da074ec0aa9f5e46c746570beb86e317ddf04bf39bd1faaa87e13a351ebb35163dfc9606f8a47d0092b5fb8c7aec2ab46dfa1a1cbeea893f9fbf136d1a3f04b7e949d839e317fcf6fe7bf8e9e5fb8515a373f3b730f4bdf7316cc854c49773ff9439dfe24b6d14d2b5c53b5a7aedfa964fe2d3c60dd0e17fced8a255f00bcf9982c59cab6e7c37be7d477b463ea726bf7ce58da8c08ee8d8e026fc1e90a88d24e6c3ebf1c668fbfadf175dbff4abfbb4f2de8defde9565d0a4556fcc88b06e4a95c4a96ddbb6c24192b83471cac7a6afef469b5b3f43a4d41de7d662f4838dd0aed55888d077c717c1fb81abf1f5c055c899d6199f347e15a1297a7b4c0112063f6c2223a643c425af230a9136fc598dbcbc82e93bcab2f11cc7a63e0fa0dde303b135631a1c6f6c8c8123528445a868cb70f4d3468f039d7758b510152cec8daeb4843dff91691ab103fa376d8036cf0c477ae16944f6b80dad1bdd83811f5f98a6731a340507cb2a8a82828255907c906030f025ad37b4043150a525b8b08853680c9522a7c168d961bff1f8e38fc3d3d3d394f202e6ce9d8be9d3a78bd84e8c9ece40a4bc8ef98f1d3b56c402fcf8e38f05a9fae38f3f2ef2710a0e0e1691c939ad2775a325f4fd9925acf938a5478d816b8b5bf071b327f1fd4b2dd0e3f67bf1e3eff3b1833e4eef5d894fee7e085f347f12dd6ebe17bf7bae3592a25983d1f7c66bd1b5790b7c71d30de8d53b18db35bdbf63c6f7e8d5a8013a3d781f3a346e82e17ed1488f198d3f6f6b884f1e7a143dee7b01bdefb2b0386df2c3efb76a7ddd232dd0fbfe87d0ff8566f8e86d4f24c67ae0c76b6e40cf4eae8870d711a7dddb8cbe57ef8c3293bdb2caa37fceda907a439cc8e259c9280c38c6e06a64e63c7729e2941e6dc0c0ab1ae1cb3eb34d16249a115f439b460fc06d661262fe7859230ccde1bbf0622b4edac241e87355637cf9d9046c951f786b303c5e7b0e3fff3a0fc98b06a077c346f8fef708a4c63861f05557e2cbdea1a2e2a46f190fdf76ede1e9bfce9c5fe2a856e8d0a0099c26492b4e5a39f7d7ca6978036d1b3d04f7d9a6f4e9d118ff5a63b47ea03796d3f14ea64d5b83c0e7ae44eb270721b29425291511039ed03aeb9730562340e9312e18728d56c63eb34cefc224da0862eccb8dd1a6f9c08b2c516589244e1c45495c72aaae301e535f6c8c8fdef232fb242167321c6e6a88ce3de66ab4ea1c760e7f1e1d1ef81ad139c538bfe957f4697c07dcc374d378c57b31f72dadac828c988e55e43a813388fcec16b4b9e75b6cb67069922888198eefaf7b00a316e4a0b86013c63fd9189ff60c13d6b0fcd99fa193467cbc975abbb810bb1d9e479b0677a25febf6f8abbd266d5f40378d4875f9723ef20b6230e1a92bd1a6d94b186e9ea6fb188e7f2f41e938d03503062f65346a0585cb05f48de48e0f8cc0cd190506d20c0909110179699991c1752518b59cfabe61c38642f75c77dd75b8f7de7bf1cc33cfe09d77de11d36096e0762fec2f18be86dbe0b0ffb00612194ea1598283f6065a1be6fd5ab468814eda60878186499ec68f1f2f623b55c6399cf7e71e77b7dc728b207cd6608d3819250d4951cb11b16805b626c8292e12a7ebf0e3a8add8be6a1962b65af423295bb071f1426cd89454fa78f2266c58b40c71e67c3449db8ecdcb57202e51974e2fc931885eb41831db4a0fa6776e5e81c8159b2a16bfa9acf2d4a2d41be244e7704ecfb192b2b2b16291c9f3dca588d3cef15dd0a5c155e8f3b92ba68f72c7a45f7b6240138d6434e98c795b1331bbc32d1ab168826f3fb83045f5eb57a3109d9682157d1e429b1bdec1649a1aade4bdddf56d7cd4e01e8c98ae119bd4e5087afd26b46e7803be7caf0f2685ca550f5252b0acd77d687db5965fac3c56defd9311d6e50eb4baaa059c5d4761babb33fee9f93aba5ed9105d3b8f35b37821f1bef8ed860668f3481b78fef003bc29038661ee9a4d98f2f65568754f4f2cd588d6cee0eee8dae826fce6677224949218803f6f69a8bd9367f1b3a90cc35ab581eba89562e4522aad49247192abeaa8782eb9aaeed844fc7dfd95e83524d23495750e7b46fe0f9f34ba0d8e53b2707e57007ed3ca411fa50bd2188347a68ad402a7e7c0551bf90832623a545491eb04f2b1b1f75d6873db6788946ca5683f62033db1302c1e7945bb10fea1f63d4ae5d3006ddf1829ac4205e1bdb5f7771b5c679b2fc6916581983d260cbb4f1cc3b2f6d7a255b3efb0c5c4ab8ab6fc896f1b35c6cfbe075098f90f7ebfa631befdadf61dc1a9ac690d1c3870a0e9888242f5827e3f09090922b237834472b0cbdd05e8fcccb86f0c1fa307eb240907834b724aeb91471ec12bafbc22a6b97af4e8812143865c140d9c7ead5c84c24d84656880ca82dbded0dfc8d9d919bd7af5c29b6fbe89bbefbe1b575c7185f033b204a39753df51d7b10f62bf43e7703e2b891f5191384ebc8eefe3b6db6e13d380e50d62ca264ed64412a7442be79458937a459c5881399fccf96956e08a3987a72272f05368d3e03a74b9b7293a5dad758457de85be9f0cc08c251a7948998f518f5e89369cc6334f937d806103833562b2059335d2d1a6f9006185498ff8033f5cad11ae468dd0fa4a8d7cf86cc6a2cf9aa0d5b51f60da56d3fde25760ee4f1dd1b78946561ade886fbe99887869a94a5f87a0971ba3f513fd2f5875cabb7fea62f83d75255a5d77073e6b7aab46d0346274d773183ec01791f1a6eb4d923abb0fbe6cd800edefb80f3dee33c943ad3171c52438356980761f786acf9386f53f3d83368d5fc09855a5470ca9f3fbe12b8df4882941590e8dc8f9066f2d954e2f923871551d579850315e8a3815ace98f2f1b5d851ffa0561d5e471983de83d7c7e75237479cf077b0bb2b1bee73d687be787081e3711cb276a32fe6ffcd9f44a74ebbdd09483464636ff8e3e263222fcaf8b2b769d11c53836a13d3a69e4f6fb6f83101bb1144b07bd81ce8d6ec06097381c9dd7133d1adf89df7e1f67cc67e2784c6edb54fb3ebd41dff5e2c313f09746d03e7efe5b2c5e1681cde30761f06d8df0f1eb2ed8756a0dfcef6b88761f69a350d3bd4e8c6d8d760d1fc53f51052858d2079f35ba1e437e0cc62aad3e1b25041151fbad4efb5537e8cb51966f8582821eb4f4d01582db5e510fd3faf3d34f3f09a2c1292a4e4f59824ed14d9a34c1934f3e29c808d3d1f999d7f17a6e5562099289b2a6abaa02e645ab127511a7cb2c3748e694dbc30f3f8c0f3ef8406cb1c5693a923c92a0b22c5184740ea71f2707eedca2459226fe953e4ed688130794dccaeace3befc4bbefbe2bc2185c0a95234ee9485cb714315b6bdfc9da5ea5de1027fe9f8e7cf46d925376ecac79ae7ce2148790f7ae45ebbb7b889812c9f307a0cfd55aa7396c89700c4fdfe48cc15737c657fda423b85eb621e4fd6bd0e6a13e58a95d9bbe710e667bb863c2a74f68e4e379042e5b8ec0673512d56208a252a2b13a28000b16c61a2d34894b11d4f226b4bebe0d6648b327ad3a373740a78eff18572e6852eefde3dc31f4da86e8d6632a766aa38ad5039ec64737bc84314bac4ce939bc8e360d1f82879cd23349faca5ff05da386e833649956ae6d98deea06b469f68531be86eefaadceffc3478d1fc5a8321cc1ad89244e5f7ef9a530a15399943f5557840c8f37d1565a721a364687264fe1b701e3907aa218f91b7ec577575d8f1f47265d2012c58710f6ee5568fba6873c8063633ec4470d1fc3d8f54657f28a5da743410a567cf5343a363296a3cd4d8f63f8f08538726a03c6b7b80a1dde1c897de6c16c318efabfabbd9b37317b17732fc081495fe1db9b1b199fa1d14df8badd706cdc5f84a25dee187c6523f473883795e31c62fb3445ab1b3b63f5c942ec737ae9c2b39ba531fa0e8fad15e2a4503fc10126a7bfd879fff5d75f629fcbcf3efb0cad5ab5c2cb2fbf2c76f7a7c3b41e9cd67de18517f0be3680eadab5ab2019244b241a24245cdd7c39807e48b4a2d2cff2b1c71e1303375a7fe8984de2c629c0ea80244e1cb81f3a74c84cf63880e77e7c6511274e43d29a4522491d5951548e3829a9acd41be2c4fdd038629615560621e3b97289534a085c9a3542bb7747229ebfd33723b4f52d687d7b7bcc8a4dc7cee06ee8dae83af4fb7a24a68f1a65122fcc9ac915686988fee315b46f7417060ff2c7b2d93310eef7179c9fbb45231f9f63f1161f0cbba101ba749d809d29d3e17adf9568f7f497981e3217ab423ce1fce4b58274ad309194b4f9dfa367a3c618f0977135038f9577ffe4902fd0bdd1b5f869e41691367db33786ddd2089ddbfb5938d425635ea7dbb40efa23ccb458a1b0c3a7353a34b80386091a214a0985dbfd57a2cd13dd30d17c2f6f842dde8805dd9aa0f5752f62e448795c132f3f2c8fb2ee184e91c4894a8b0a4a8ebcca770ebf7c909f958abdc97b71ea9c6504a90ae04c160e262623ebd839a3d54b41a19a410b8825a121486ae85fc39df8e96fc38d65e97bc31840d75f7fbd1860eac1b6496b10073883070f86a3a3a3d8289ca4837b7fd281f972032d5eb40ecd9a354b6c744eab36899f25380d48323879f264f1dc9c8da80948e2c47749b244b02f22c1a105a9aca93aa6d9ba75abe957c5a18853cd4abd214edce19f64891591b26bd72eac5cb9529c2b8f38a5affd0dfd1a5f896f062f36857fd7c8c484aee8daf05a0c18be1a913fb6401b2b5680defdc38ce9939762f2278fe1139375a255c3abd0b9f9fbf0f05e8ac4995fe30b2ded20a74d8264c58cfe127defbada944743b4bbe72df84fdf622249e9d8eaf426da367c10eeb3a45527155165de7f2e36fcf622da5cf914fc164b0b53021674d508ceb5af619c7ea55bea62f8366f84362ffc8a4da5f62d4ac1f2af1f40abc62d3171533ad2d7fd89fe5759de4b23662e33e1dfa2b1c5714d1a3f01efb08b1de6a548e2f4e9a79f9acdd66acb1505850b60274b17033a285b5bf64e5f1b129a76eddae1f5d75f17abbca8cf643c1f83c1604a790154f8244e0cd1c28dd0b99a8ccecf5c5dc6692a7b05491297ffd3699a7e4ff7dd779f98dafaf6db6fb501dd48e1dc6d2b48e224c3e1b00fe23420a733a5af16cf73955d75a0c2c449b7c1aed5f39aa445cfc0bc99d1e6c1ba927ae6e3c4caca8acbb9729a3de928ce73e54fd5558fecdcbc16518b9721667352f915302d1e712b972272653476d86099656d8aa573383b09459c14ea2238ddc57a4d2b3763962d5ebcd86c7990a0c583535b9cfa7ae0810744bc1fc6fd21092019e0d4912568f1a125851693850b170aeb0583c9666565598d366d4fa0b58cba9a2be5b84a8ed62e12c4279e78424c5ff19dea416b0edf07ff5e6ecf2e8913bf39850495a4893e4f1c34728a90e7afbefaea8bea45555051e2a4df60d7da79e1e3fbfd23f8b2ef22b3e140493d234eaca05c51c1551b7472ad9873b8929a12bd7338c1115885b65c5150b011d801d2178fd340b458d3f999f5d8d21a44df1412203a3b4bff150e0af89b11a16909a125490fd67be6c70e75cb962d224f4e3971c05757c1f7494b17ffeac18e9fbae0e69b6fc68b2fbe283602a78f14fda3a8bf490ced097ae2c49005b4f0715a90d39df4ad2241e679fa5655072e264ee9880ffd05bf3dff307adcdf1c43bef6c7a6e4b5a536d8dd9a1281b97ddf479ffb9ba0eb3dcdf1e3f7e311bbda1d7f366d80564d5e805bc0262d9f04448ce886fe8f34c3678fb584abf78a8a8510a863526f88d3a4499304696223a5699415581127db8a244e5c39c3a9d3e8e868657152a871b0ed73393af501ebdca2458b3065ca1461b9f9fbefbfc5948f256809622c1e767037dc7003eebfff7e418cde7bef3d31d56cb9349c6487d61faeb6a2337059410ceb0bf8ae6915a33f114305306c00430870093f7dab48162d519756704ae2c4f7c05004ec8f6839e3d42ac32e50eff17c45e23855041711a7b465f07dbc19fe0e5a8fc4e8e9f078aa190cc171d8acdb60779b5f6b747e6620566c8a47c252070cbafa4178cd5b8b799f3643376eacbb31053b267645b7fb987e13e2e63b61e85d0fc1737ed9ee187555ea0d71e266885492d259928aad36a7ea945c2c7a1f274e9d72745d51e7f0d32b7fc65fbf47d8ddc6b6c5bbfde0f8ed5cd32f4b9c41c686cdc829dc8db04edf9a8e295c0a24275c3ece68cd747ca63fcbb061c3846f0bf7f0b2b4d8901c3100e2edb7df8e471f7d14afbefaaa58a0f0c5175f60d0a04156a347d31a4a0b91f4c553b800fa8e72e0b37cf9720406068a6d3f2cc130041f7df49178bf8cc4cda94a9208cbe9b6ba0a499c584fd91731a401572a9250d3fac4293a9eaf31e2941e8da96f5d878f9bb782eb2fa3b03422411cb79caa4b899a8b79a30c08f8a635be6874075c6626eaa6ea52b0b8eb2d68f77407b87093dd9e5f60e87d0df0d5e0b263f5d555a937c489665e5a9aa4126545e6d2509e53c4c93622891303d67174c96f5321e254b81d539e6b808e9f879bf6a6b3231c8bc28a59652cc53e138abf1ffb1609e78e2171d2c5560f5b82b164388d408b414d82831b4e5f040404c0c9c9490431eca92969fab6704936976eebc1f4b458b0c379ebadb7d0b1634731f54be767aea69a3d7bb629e50558122985ca81a1041890925638fa62d112c7bdd8187e80a107b8a1ba426948e2449f26fa5fc9190f5a9f48722a1200b332b878aa4e93c4350877e88be12d1fc5c70d6ec230ef681d714ac7b6804fd0e5ba7b31a05d0f78fdfa237eb9e32e3897224e4998fbd135e8daea970b9bec3ab960d67cb980a9fe48bd214efa2d5718bf89f3e41ca9f29c224eb611499cd8314a5c7aaaae18d913bae0b72e1fe1879ea5895351f21c842fdc83226e5d32cd1d91dc67ae281951e39603e752b0f6a74ef8e5ed0fe0eabc12470f2fc7bc7fa22026508a52b0ceb7b415a8202514633bbd8ba11ff4c0f4950c987a04f11ebd31bc55478c1e1b8bd30c4e19e101cf8f5ac1d07f2c52b9b3437116b68dec853f5b7f8ae0b9bb8dd6b0e21cc47bf6c4afef7e8c713c96310f93dc198fe51c0e84fe04c777dfc6af3d9c1197598823733e47d7060fc16dc22a44fee586ec45de581e6b1c9117254ec7dcb03d1af15a8fb0ef3ec1f0ee7f237a6fed593f6869e166cc5c81555170aa8abbb9fff9e79ff8fefbef859f0a0307b2837df0c107c592763dd8a170db0bc607eadebd3b7ef8e107b15d0557c4726a83536acae25373e0f4258928fd411d1c1c84058e6494fe5a7ad0ff8a0129695962146dc6c653b00efac171bf3abd8f1341d2c43decb8d28fc72ab3e54a457011714a990dbf373fc1942806b94c4544bf87f069f710a49b37d84dc6dcb657e3cb01cb05094a8f70c00f0d6e81e3b42444fef028befc8ec4291d31bfb440bb570dd8ccd5d7e99b30afffa7f86786d17a559fa45e3987b382d2b2c169212eefad58004c2535259238c955759c46bde4962ba796c3f7dd01d8b2ac3ffa5b10a7e2bd9ef8a555008e156c45f0130d3070e45e9c4f76c22f5da721c3e57974efe0878d4b8231f29efb1010b500ee0f7e8cb5a73452b06528fa7e38de948b86e25d98fe7c53fcedb71031c15fa0c77d0391b4ba1ffab4fc0b1b964f82e7936f60564a047c9f6c894961cbb1a2d79318ec9e8ec39e2fa2e3ab7f62cdec51f8fb8e7be0177516c7c6bc8e76cd0761c50c470cbef639cc5cf4155adde3a2ddc205df37ed80b0854bb0ec8b7bf0f9c04dc88ef8115f5fff32262c5a008f06f7207fdea7f8baf772ed190b913ce8190c9f928245efdc89817f8662c3e86ee8d9e20fdd5e7bd5038e88adc5b2a195e1e79f7f16d61c5a75d8a152c9376dda548c96697db00497bb731f425a8d683da21589cbe7e5c6a7f5ddefa7b641d2293b6e097e6f06b164c74d676c6e5bd2ba756b11e4928495abd4142a0f4ec9b56cd952acfee3b4a49e3891349170728181dcf6a5e62d4e0958fec393e870e303f8f6d987d1f98e573066610a769b37d875c10a9ff6e8d4e0264daf34c7e70fbd8a7ecdaec28f9edbb0dde36db4bbe111fce5ba0abbe367c1efb91bd1ae4973f479e0267478ac3716c4d6bf88e3f58a389134d1d224839029e770db8a244eec8c499a18e8ad7ce25488dd86f7e134f1300a2206188953c1216d74b41a5bd74460efe1188c7feb2bacdf17088796af6270f719c8faa703868f3e8ca2e3bbb073d97484397c8f9f6ebe012e8b8e21badb03709a7b12bb7f7d163f07ea57e914e1d4ae18c44ef7c394efdf42c71bba61c3faa1e875cb2bf0769986e48c735a513663ec23b760601f17ac8eced0c8cd0984bf792ffc3719a9dc09ef97f1e58f1bb1f2833be0b28456a3621cd9b00ae96b7b09e2a415081931cbb0c6cf017e6fdd8c8fbb2d42c19950fcc5a9bad3b1f0d488134ecd80e37303b0e34c02825f6a8365fb83f1cbd5cf23c02f10e1812e187ee79398bae7e2a5cbec20e993431f126e7c6ae964cb73f439e11429fd7be8e7c3fdafe446a4dcdac1f21ae6c36081f4cfe0c6a4f3e6cd1303105a6d0f1e3c68f61d54b02da8d31890923bebd3da474b1ff735637c20fa7591bc5a8296c17dfbf65d44aa142a0f8694604051b6215f5f5ff13d08499c38e5cd4103759d0c99c0f75ee33e4e2649deb802118bd760bb6ee707fd06bb3b63566ae723906811cf6ffb8ac5d8b049c60f4c41fc9ac588d0ae913b58d437a937c4894ea35c51472746190893235e9e53c4c936228913ad123459f3fb943b5557b01adecd6ec5b7ef7d805f5f6a8ab677bc84c0f123f1ab08ca790b5c351214d3e77d8c75e989bf5d26c0e7ddfe98d4e34384ec28c01ea71668d7ec5db80f7586bf76adcbc27ce4cfe9849edd7d30eeb996987b48d7691425605a8b6bf0d9bb3d31d6f907f46fda151bf3cfe0e002678c7af7117cd4e0714cda5c88fc9d0b30fdeb77d14bbbffd7c39761e6f3daf154633ef993dfc7e77d9663c1eb77c327fa02a9288a3512a7a204277c774d33fcd27328a6fff012ba775d7811713a7b3613333e780e0efe3fa0cb0b3f22644a6f74fbefbd70f8a60fbcfb68d2d7091bb57273aaf3d9679f1501ff18f9992bbf488248866841888a8a32dddd08fafab103e56082a361fa59305e0ea764e40858e1f205bf13892c098f25b8628d1de61b6fbc21ea05a37c4f9b364da4b79c7253a83ed082c469682e38e0b63296d654499c38cdc9c1861c68903431a653595bae541565112725d523f5863871cb154ecf49c75076107434e539459c6c23923871b50d83f6d15252be73f849646e8b418ad60924057d8aaf3ff2c1eeccd2968e53933be2ebfb5b2230220b2bda374397978620b1e038e6bd740b3c23b4d15f510aa63cd6188e61f95ae250fcddec5a747cd90d59fac1f6711ff4bfa537e2457207f46edc096be70e82a31bf790d3eacd8007f0b3cf0c047676c36e8d6714450fc097eff86163d7bb3034e8308a711a5b7b35c100affdd8f6d59df8da3901e9bbb7c0ffb57bf1dda0f7d0e296aef0ea7c2f9e7fe3171468391e70780c6d3b8569c46906deb9f545dc7ac72d6860aab75735ba02d7346888db9a3c8e375b3e858e373c80b97bb5c2e66fc0a4567db1fe0484e587be1434fd33c61095b482fd83df9191bdb942b073e7ce821c93189314d38244076d85cb039cbee662040e4aac411227ea3969d9635fc450150c885a2bcee14aaa4dea0d71f2f0f010a651499c689ae6f2599e53c4c9362289133b0569e9b0469c38b5caefa5c779395567fa2d51bccf1383ae6f8f55278b70d0e94574ee11867c8d9cec363c85568def43ef479ec1cf2deec0607fee7a7e022b3f6c806f0ca95a0a1d8ab663ea530dd0f6bec7d0eb9977f0dd1daf637ec234fc7afbf568f7d80378fbd6d7e110148c5f5eb8014fdddc04cf5c7d1d5e7cef2b1c5ee7881faf6f8c6ef75e8756cdfac26fce725c718531b05dc3fffc1fae6e74139e7cfc56dcdaf8617cfae19378e18a06f8fcb147d0f79d16f8f4757f9c28dc0097bb1ae2939e7fe08fff9a22231ff907431bbc843907a86c8bb0cfeb4d74b8aa197add7115baf79c87137ac2a76037e0940d076e8cf6cdf8518c8acdc0887ad0a2c40e99be656c2b24c70c8aa91ce4ed0f9238e9a7b4e954cf3e88e76adc395c49b54abd214e0c7047d2c40e9aca67f5ead53876ec9838a788936d4412276b5bae90e4720517030c320da71bfe1d0a706a770ab24e1a9906477aab57cfc79fcf3d82af1cfe118ecc5cc24e7f2b6e7cba687e280ea7ecc3691331a1cfcfcd37dd885b6fbe058f3cfab8d817ac5dbbd6e8d6e123f4eef303468c1861f40b3a7704071376e394d6b7f179a81c8bcf1ec6c11dfb71c682e49c3fb61b07f69d2cb5c96f514e2a52938f94267216c83f9484dde939e5a651b8bc40b24372f4bffffd4f38d433f023f5ce6bafbd2656af714f396529bc7cc08543d640ff31ee0dc8d98bca401227ea040a751c49938c0caf88937d49bd720ea7f26285e78a07ae2651cee1b615499c4856080618a4032b3b18367af9ed28964bd7f5e0489dc1e418588f1d1083ecb133625043764c03060c30a5bc80cfba7d84876ebb1677def000da74ea2c8225b221307822fde1ca9e2e545030821d1e1de33955ca70277407601c23865b2011b78474aae70a454be77b85cb07fc468c19266727082eb460380d4e95f23b4ba7ef8a424f9cb85d0c835eea2d8c6aaacebea45e599cd8199234092b8056811571b2ad48e2c4155e8c09c36d18e4f7b2142a013a3f73ab0bb91a4582a4892bc4e8184b92c4c8d05cd142b2ccd83f542217e3340eae59849d99ca6e535170845cd991b6bd833ac25a780612745a47b91a8a8141b901ef4f3ffd2422674b4b8282fd81fa828337ea1c8662e062220ec2aebbee3a31655a55077b499cb8a29553ae244fec83084edfd58473381787703a5849f5cbc08103eb0771e2eeda5c5d249df7389ae0a88fe71471b28d48e2c4e5f072c45596d0d7832b522cfd40146a076c37240adcc2e47200a7d9ab330e149787738f3a4eb972ea9871aa9a356b26a6d4ac6dbcca0e54d5c5ba05ee97c7702852e7702f3dea255ac0ffeda6c29238f11e7af245d711eab5ea264e24eecc8fb1b99454bff0ddd2ca5c5bb01971a27955bfd33849134dec3ca788936d44122706dce3341d1508570c317ab49cf397a28f2eae601b70f58fad77a567746b8ef4583f180fa722609ba7b599e5e746b3cc430f92265a3259effaf4e923a6d9b8550b8f2bbfa3fa01f60592bce88511ebab03923871b643f641b43451e7d1aa55dd53750a750b36234ef45b6185a570450b0395316e10cf29e2641b91c489ce96127ae770c617e2d60e7410a7ef8842fd05ad3b8c40aeefdcb8a79d35d072c4b4eddbb747f3e6cdc53514fe9fc7b8245c414182ab17cbb278330484243aff067a1f2782a489c49cc489beb7d5ed1cae50b76053e77036009af739f2e43c25a71f784e1127db88244e72551d15485991c3a5c251a85f607040ee59a79f429142276c2ee5b7042d52dc1f8f9bcdb2adb33e5547e7a750f740ab251dbe2deb1685d3b4dc539104e7df424f9c383dc73c199454862750c449a13cd88c385189d2c2c4d1262b2e15a9720eb7ad48e2d4bb776fb1d2888ac45ae4f055ab56098b13e33dd9ab8c1d3bd6f434350f676767ab65b017e1ea253ae972da4c3aea5a93e79e7b4e04fdfcb760bde33619dcb3cd5e859b22d7e6e082ef8cf7b4f6fdec45b8faf6c61b6fc4cd37df2cb61ee20e060c62c955753b76eca8f4cab9f22089132d4c147d3c273a8c53eff1bc224e0ad66033e2c44d46c9f265a0452a199aff794e1127db88244e9f7cf28950c4b406724ac59238316692fc8ef62a548cb5015a68acdddfde8464807e6dcf3cf34c99e489db8a5407b812d35afef6261c7cd416d866ad95c1de847aa8362089534c4c8c999071f0cee31c182a1f2785f26033e2c4cd49f591c3b95c53450eb7ad48e2c4809392d05a234eec4499ae43870e6254686fc2b2d3ec5f1b607057de8fc28d5eed4d680560d9195a4282a37392028614f9f1c71ff1eebbef8a154f0c51511de05420ef495f3a2e33b637a1c584e5af8e29a58aa25dbb76e29e9c12b5f61d2f7761d929b5b57f9f244e7a4b131dc5b9ca8ee7d4549d4279b01971d2470ee77e5e8c1cce46c3738a38d9462c7d9cf87dac4dd549e2c44ec2c1c1c1ee8464b0b689139d5a3905606f3273e64c517e3d71b206d615cb7a525548e2d4a54b17abdfef7217fae1b0fcb6204e4b962cb1fa1d2f7779f8e18745f96b9b3871a643ce769034c955768a382994079b3a87d3f9984b3f55e4f0cb432471d2470e678c8cba469c4806fff39fff60f1e2c5d52eaccf7ad415e2c46fcefa51ddc288cd96a82bc489ed8816a0ea16cb7d2289ba429c3c3d3dadd6937f235cc16d19634c4f9c18d2a3a623872bd42dd8d4e2c40e99a4e9c48913a2022be2645ba192e1fba7c589010d39d75f172d4e8c4d458b13e35555a73cf9e49322fe901e758538d1af89dbe054a7d09999795ba22e10a7071e784038d5d397b33a85d1fa1d1d1d4d6fea02ea0a71e2a2136b75e5df08077fec6ff490c489f7b68c1cce7e8856699e57c449c11a6c469cb88f998a1c7e7989244e9f7df6991881716b8bf27c9cec99380d1b36ccf434d507aefc79fcf1c74dbf8ca82bc489db5c54373860bae1861b4cbf2ea02e102776b8dbb76f373d51f58116a7ba4a9c6ebae9263160ab6e302e9d65e04c499c489a685997a0eb486c6cac224e0ae5c266c4893bdfd3344ac244d0519c1596e71471b28d48e2d4aa552bb1592a47608a38551c8a38550e8a38551e8a38551ee51127ea39d90751dfa5a6a60adf343555a7501e6c469c38efcc8aca4acbf9675a9fa868784e1127db88244e54345299d4e4549dd7ac0dd834cfd7ea39a318e0191c8a604f6be7aa2ef6499cb29032fe078c0ad86ce59c490e2720724a3852b3ac9caba2540f712a42ec77f7a1e36b2ea6df46d43871f29a850d9be6593f671283673042833dad9eabaad83371cada361ebedf06583d272533211c4bc3139065e55c55a53a8853d1b2eff0f94daf61fa0ed30113ca234ef4b325383dc718648c2d48ab93720e57280f36234e740e2771927bd4a5a5a5e1cc9933e29c224eb611bd8f13412ba0b5c8e1d5439c0c08587b18d9eb83ac9c33892110914773b07e8cc1faf92a8a7d12a74c6cfde559f41eb0dcca39a364460c41af470622f6b0f5f35591ea214e85d8f8e52d68d5e26fd36f236a9a381902d6e270f67aabe78c624060e451e4ac1f0383d5f35513bb264e51bfe0bbc706583d6794c3d832e4317c35700d32ad9eaf9a540b710aff129d1ab4c0648bf059e51127f6410c49c0d90e1227ea3c42599c14ca834d891349d3ba75eb0469620556cee1b615499cb81a88ca8426ebea264eee13572271ff11641f48c4a61d474dc4c9009f19ebb1f3f031e49e3a81acb4484cf334c0372c0127b5fb9d3ab011333daca5b17e8f4b89fd10a72cec0afb0b7fbffa047abfdc11a3da3f66244e8763b178606b7cf7605374bbf729fc32641a523336634ee77bd0aac1dde8df37186987aca4a98225ca1a712a3ab016cb7c8310b7c7385a2fdab5148bfc42909c5d0c14ecc7f6c03fe1ff5d7f4c1abf1ec744925a244eee13b132713f8e641f40e2a61d386a224e069f1958bff3308ee59ec289ac34444ef384c1370c09c60a868d333daca6b928ff0a88bd11a7ace43004777a155f3ffe32fefeae3d7a99885366ec24f8b57e165f36bd1b3d9e7a1fa3a725e0f0663f38dcd300adee7e195ec1db913469207e7df64174bffb5ef4797f089627645d947f45e422e2547400db837db178e51e882a54b40b9bfff1c3aae86c68540747d60662e20fdf61f45fe3919469aa8755204edc2795dbbc50d749d2c4bee8eaabaf16e7157152b0069b11276eb942864fd244d328a7861471b2ad48e2c42d57a848380aabd6a93ab71948c8cdc2a6e9bef00c9c273aad1c1227d7d9483e9d8188091e18e1168025bb0b9113198811dea1d87af224b6cf0984e748eb69aa6229b01be29436090ecd9ec2a890cd488d0880e1de06e8a911a7bd41edd0e5b9a1589fb4077b225df1e3350f63f4badd489edc033deee986b07589d865354da6f5fb9423562d4ec7a6c3e9d6c6f8c110af756a05d8f9db53f8e89e3e88c9cbc1a6be8fe2a3c6b7a067f3fbf049a3ebd0efb7489cad35e2e4861909b9c8da341dbe9e819867ac60da7157cc4e3e8d8c8809f018e1868025bb51981389c011de08dd7a1227b7cf41a0e748eb690cd6ee53bed817714ac3e2cecdd0e7db10242644605e977bd1ea6112a77484b7bb03fd862e42da9e546c757d0bed1e1e82b8dd5bb1b4c7bdf8acdb3f888b0ec49f773c87318b92b03f3512216f5d839e43d655690aef628bd331ace9722bdabe6880d6d4713ee6377c7bd53df05e9287dc457dd1ebaac6e8f450737c7e63237478ee3724e6558d38317238a7e7f48130b9c28e7a8fe7157152b0069b11272a18461f9673ccfc2bb7a750c4c9362289d3c71f7f2cf66f92cb72ab8b3839856cc3a97d4be1297e1b307a6dc685a93a672f8c0b9d87c5aba3919c538cbccd13e0683955672d8d29efca88bd10a78cd0cfd0f5756793a52813db863d679eaa3bb875299606b8615cbf76e8d9e84eb82f3c74d1549db534fafc2b22d6a7ea8c9d5abbd7dd70f05c3ca6bc70157af4598cd37bbcf1f33557638041eb888a35c23bf809b4bdf913acc82ea81de2e414826da7f661a9c9126918bd1619e6a93a67788d0bc5bcc5ab119d9c83e2bccd98e0683955672d8d29ef4a885d11a783a1706ef23aa6982c45591b86a1af79aa6e1f92974ec13cb73fe0ddee61b4beb337a20e594cd5eddb8ae8290198f6473ffcf970237cda7b210ecbbc2b21d6a6ea4e4def82ce57bf8e193bcf61b7c30b46729ebb0773dfb906ed5e3660577e314eaf1d8caf1bdf0c87c9d955224ed473d2d2c4c13b0360aa2d57142e059b11276e7cca8e593a2173e93b23b7f29c224eb6113d71e2b721aa9538cd4cc2d9dd0be166fa3d6ae95e1c2171f29889f8bc029cd89384d8c8155893928753b116c4a9ac34bafc2b2af6429c0e4dfc041ddf1e85bde27716763abf81af072c457af0a7f8f4bafb30e493af30faefdff0fb9d4d2c8853569969acdda73cb14e9cd8a97d8aced7be8339ab5c30e8ea66f05a741a05cbbe458fc68f624ca471f45e10de0b5d1b3f8ea00d676a8938cd44d2d9dd58e866fa3d6a29f61e2171f2c0ccf83c149cd883a4d848ac589382bc53b116c4a9ac34bafc2b2876459c0e4cc45fb7bc8d1969c6df59f1ce18fc84469cb27660d1a777a2fd7d6fe2afaf8660e26f6df169935ea58853c68e6018eebc0e9fbff909460ef91b416def44d75ed5479c68d974beed5afc3c6a15a6bf76353efb6611f2cf2d83f73d8dd16b482404ddc90f87e79d8df1f5cf1baa3c5527c120cc8c2bc8e8e5ca395ca13cd88c38b122933491ed73cb958d1b378aa5a13ca788936d4412a75ebd7a89efc5b9feea9caa33f82cc7fedc1d98edc1df1e989b7c564cd539cdd881c29c7518cd6911830f96ec07cec64d3212a76c23712a338d95fb5c4aec853865c51a30a06907842765691d5912e6b7bb155f0d5888251daec1573fad17532259b1ae18d8e056b8ce3f84ac753fa2f7230334e274a0cc34d6ee539e94459c8c9ddaf5e8ffc6f368dfec6b6c3c0d9c8ffa491bfd3785f7626367747a5a27746cfc22a6c6e7d70e71d2eac5f2fdb9d831db43fcf6989b8cb39caa739a811d853958379a964b037c8c9507930471ca3612a732d358b9cf25c4ae8853662c26bdda14c38392b4ba9285b431edd049ab43d9072661f8358f20703da7773391e4fa1a5addfa25220e6522eec7c7b57ab80607267540bb477ec2b64c633e21af3540a72fe7571f71a265f3d3dbd0e1a537f0fdb5cd306aa156c90aa230f6f1c6e8de6731043d3f390d8e3799a68dabe81c4e61689ce8e868a1ebd82f29e2a4501e6cea1ccee939c6cda083381dc5958f936d45ef1c4e50a155ef962b2e18bf669f36b23b8283994791919d8ba3c2e2341b89674a907f340359c772b0f7c04914a6cf87ab833be6a79fc7b9eced081f5f561a6bf7295fecc7397c2f36fcf63abadddd1cdf3ffd18fa3ede0cbd062c45dab88ee8dce066f47aee297cf9c81be87fefd5f879743ab253fcf1f3b537a077574fac1f5b461aabf7295bca244ea253bb15ad1b3444f7dee1101b5a9c5a08af7bae4497b77f47c4b21004be7c133e7afa772417d49e73b8cbf835d877ea148e1cccc4d18c6ce41e355a9c66279e4149be56e7b28e2167ef019c2c4cc77c5707b8cf4fc7f973d9d81e3ebecc34d6ee539ed89b73f88125bf61e0dd77e3eb179fd6eacbe3e8cea93a8da88777bc0dad6ed6eadd530fe2ab375e468fabdfc3dcf46cecf27f0fed6e784c1bd838e3efdb1aa0e363cfa1cf838f60f0cbf7e2a3f7469b2ca49513ebc4c964d96cd800ad9bf6c6c63c71041bbfb9076d6e7f1bc1339761d5a097d1f1aaa711bcb1a0cac489a489017fe9db24a1a6ea14ca83cd88d3e4c993b17fff7e4446460a13292bb0224eb615499c188ee0c8912335b6e58ab3873f02bc5d4b3b763b79c07f4c207c5c2d420f38b9c33fd01f1e4ee5a4a9a4d80f7132cac1a4686c8ddb55cae9f6d08e68c4466cc15e8ef675c733923760cb86248d94969da632523671d2bab050ad53bbf26e782e103d9a86621c0d1b84feb736422bed1db7bbe7034c8f3aa11dafe57004ce5a3d09f0866b29c76e2778f88f41a08f45bdd38ebbfb07c2dfc3a99c3495137b234e42f625213e2a0efb4ad59503488f5e832d5bd22d1cbe0f62d786086c4f3a88ec033b10bf26023bd22bbff0402f6511271c0f85f36d57a27baf054672aea1f85018025fba156db43ad6eaea7bf0ab73145803ab429ca8dba8e7183d5cba8d30aea08a1cae501e6c469c7c7c7cb07efd7a11bb8960a52581e239459c6c239238c92d57489e54e4f08aa3a688932da53ce254168af30e605ffc4e1cbfe03e621535469c6c2c76499c6c2c6512a7b2509c87eca4781cccba4425d3501e712269d2df93ae239b366d52c449a15cd88c3871cb1576cc92e57339282b2ccf29e2641b91c4895baed07c4d2ba0224e1587224e9583224e9587224e954779c449bfed17f55d7272b258edada6ea14ca83cd8853505090a8b0149226c6d350c4c9b6228913158d444d6eb9622b51c4a9e2a28853e54511a7ca8bad8813c912414b1349136741e87bab9cc315ca834d9dc3499ae8d7248390a9a93adb8adec789a002a9b92d576c27244e4f3ef9a408c25a9d422beadd77df6d7a4b46d415e274e38d378a0ebb3ae5a79f7e12795ba22e1027ca5b6fbd853e7dfa54ab905c30948b25ea027162f9870c1962b5aefc1b61dd2d8f3851cf25252509d224c31328e2a4501e6c4a9c4894366cd82056d691f12be770db8a244e5c55c76f51135bae5c0ec26762f9bffaeaab6a959e3d7b8acdabf5a82bc4e9a9a79e12d68eea9669d3a699ded405d405e2c4f2fff1c71f183b766cb50a2df57464b6445d214e3ffef8a3d57af26fe4efbfffbec8922589131dc1b94342424282f83f4132a5b65c51280f36234ec1c1c1a2c2b2c326e397d6279e53c4c936228913b75ce1b72171aa8b5375f4dbbae28a2b4c4f53b3a82bc4a9478f1ea627aa79d415e2c4f6535ba82bc489c1276b03923831761349938c1e4ed0ef496db9a2501e6c469c860f1f2ecca3728e99e4898130794e1127db88244eeddbb71753a7542675d139bc3ce2c46766bd6407541d50c4a9f250c4a9f250c4a97290c4897e68ec7b080ede797fb5e58ac2a56033e23462c408e114ceca4ab0735ebe7cb938a788936d4412a74f3ef9c4bce96579c489a3b2bbeebacbee8465ffcf7ffe8343870e898e66e4c891f8fcf3cf859264c04f9e7fe38d374c4ffbef20891385d35df626b2ecb6204e147660f626b2ec923851c7b173669be2741083fd9e3c79d2dcc6aa03923851ac7dc7cb5d64d96b9b3871964382c756af5e2da6f5948f934279b0197162004ca95018b175e5ca95a223e339459c6c23faa93a82dfc7da545ddfbe7dcddfd15ee5fefbef47d3a64dad9ea374ead4c94ceaff0dd8514ab266cfe2eeee6e7aa29ac7dcb973d1b06143abe5b017b9e79e7bd0ac5933fcf7bfffb57a9e42525d5da01f8fb57bd893dc77df7da5a6cc6a12923871c683ed5c6eee4b5dc7df8a382994079b3a879334317a382b2c97262b1f27db8ade399ce037b1b6e50a150b49ee810307ec5658f7b882c6cfcf0f77de79a7b95e4ab9eebaeb84f5a0458b1662ca884ea6acb35c014a6b4165c020afd6ca602fc2786b0a9507dfdb871f7e7851dda23cf7dc73a654d507b6536bdfcf5ea43a2d7097829e38d1d99e9bfbb20c12d272a888938235d8d4e2c44d7d19bb89e6595660459c6c2b9238311c01ad80dc78d9daaababa06121b0f0f0fdc7aebade6fa397dfa7431a512171787d0d050e1bbd2bd7b773cfffcf38254b18eb66cd952904c5ebb60c102ecdcb9b3d646cc0af601ea355aeb180243d62d0a2d52a3468dc2be7dfb4c2915aa82fcf40dd89961f493ad0c2471a26ea39ee34050fa3a511fd04581e7157152b0069b11276f6f6f118a402e01a515435666459c6c2392389120700446426bcdc7a9ae82e131182387715f68592a0f7c277c477c678c3dd3b66d5b3cf4d043626a938eae1f7df491585acd25e411111162a58e42fd053be77befbdd7acffc68f1f2fe232dd7efbed828cd3e7936159142a833358dbe13178afbbe0a75451c8be863e4db4ac4b70e0c395762a1c814279b01971faf5d75f4b6dacc8691312299e53c4c936228913b75ce14a178e96eb137192a0229584beb2a0e24d494941585898703aa7f58e8ee6ec20afbffe7abcf0c20b622f4083c1801933660807e2d3a74f9bae56a8cba01f4dc78e1d8533b404ad1c24d603060c10c1539b376f8ebffefa4b6cfb51af517c04f11ebd31bc55478c1e1b0bd1428ead47d8779f6078f7bf11bdb708c5fbe7c0edae06e8f9f944ec2914576997adc1d2e0e95aba8e307ce381ed47ac5ba32471d26ffb5558582842137007003555a7501e6c469c1828901596c2293a8ec8183b88e71471b28d48e274a92d5714aa0612324e4d4f9932450447ecdcb9b350cc1cddd251fd9d77de41bf7efdc406d85cedc76f42f2aa5077407dc7295d6be039eac1a143878ac50bb45c726ba0cd9b379b52d41f14aceb873e2dffc286e593e0f9e41b98957e008bdeb91303ff0cc586d1ddd0b3c51f48cd88c03f8f5f8f01bf2d45a671960d4549c3f16d8327e13d710196f6b81f5fffbacd78c2027a1f2782039ec4c444f1fe49669573b84279b0a9733815052d4d3208197d4a784e1127db88dec789a002a90f3e4eb606db017d5d56ac58017f7f7ff4efdf1f1f7cf08198daa1c5ef89279e102122d88932702c2db3b5b56c5bc176a0359204fbb1c71e133e5183070f46545454bd20d3459b87a2d72dafc0db651a9233ce01a783f1cbd5cf23c02f10e1812e187ee79398ba270f6bdb979eaa13c4e9354f1cd35e51c1f2aff1dd978b4c674a434f9c6869a2858ffd900c4fa088934279b02971e274082b2b993e2baf720eb7ad48e24487677e0f9aacadadaa53a83d7060c141c5ecd9b385ff15ad818ca3c53dcb6ebef966bcfaeaab62ab17fac870193fdb9254fe0a7507dc80d6c9c909cf3cf38c086fc190200ce1c2765a37710607173863d4bb8fe0a3068f63d22a2ff46ff0081cbee903ef3e9af475c2c643d68953dff7c7813bce9d5fdd077dbf08379eb080244e5cc947d2449f46b94f1d0732cac749a13cd88c3871e4cc0e81519a692695d6279e53c4c936228953af5ebd0469a2d95a4dd55d9e2039a25227c99d306182d860b843870e78fcf1c7c537634c1c2e856774f7d1a3478b4e96cbadd9ce14ec1bbb76ed122bf548a0b91294ed75d1a245b5ba9cbfa691bf70101cdde2518442240f78003ffbd19fe955ccdd5bac9ddc8049adfa62fd893358fbb1469c22aa4e9c18399c53a172b0c1f641ff4eb5aa4ea13cd88c38312e0e9d68a522e7b4507a7aba38a788936d441227462126a9e568b63e3a87db03d85e4894182ac112b22db133e592f7efbefb4eecd44f4b059d5e69b5f8f4d34fc5b647212121a2e36047a2607f2019f6f5f5c59b6fbe29ac905c7840cb635517375c2e28ce9806c73b6fc417cf3c8e2e77b7c3b27de7b1cfeb4d74b8aa197add7115baf79c8713c585d8f14353b4796428b6188d4595264eb4d0b2bd10ec8b1886852bed9473b84279b01971727373335b9a08c674525baed8562471e2ca1f7e1b4211a7ba05865cd8b2650ba64d9b26a24d77ebd64deca3479f0e06026507cc65f29e9e9e080f0f174be4ebee7450dd023b7db6e1f7df7f1f37dc7083887ecf7864fce676893387b16feb0e1c3b63faad21ff501276a7e7c0e40b0e14e6e0606c324e980f540c9238e9a7b519d8560663563e4e0ae5c166c449bfe50a838fb1c2b2e1f39c224eb611499c2eb5e58a42dd04dbe19a356b443ba523729b366dc486b5ac038f3cf288b04472c557505010d6ad5b87cccc4cd3950a971bb8dfdac48913453c3186c1e05fba47f0b84269e770ea394ecf713a9b7ff95b112785f26053e7709226eed744654db6af9cc36d2b9238c92d57a8649573b8027d67e89c3c7ffe7c612926b17efdf5d7857f0d2d1b2fbef8a2d804d8d1d1113367cec4b66ddb44f46585cb03b438714a97e12ff8bdde7bef3da18b3950adafd01327922506b3e5c041424dd52994079b1127c6b291f3c90c84c90aac88936d4512278623a062a11550852350280f0ceac84504b420fffefbef627a88011e39c5cb4d6edf7df75d7cfffdf72236d5d2a54bc540a93e2ca7bf5c41dfa779f3e609a24b9f286e1bc46fa3dfa7ad3e401227d65fb9c1bcac97745350cee10ae5c166c489f16a189384b19b089a47194199e71471b28d48e2f4f9e79f0b424bc2a47c9c14aa0276427bf7ee157e8bdc48f9871f7e10be378c47c43ac508d9f4a5e30e029c52625812358d54bba02571f1e2c5c28248eb212d87b4287261415d87244e8c9d468b93046741183f4b112785f26033e2f4db6fbf09273c122682a4293232529c53c4c936228953ebd6ad4527c66fa38893427583560fc6ce99356b96884df5c5175fe0a5975e127b04de72cb2d78edb5d7f0d5575fc1d5d555ac1063c812bd13af42f583848183255a07b9fa928481db02f1ddd74548e2a4dff68b962692a6b4b4343555a7502e6c469cf45bae307ed3faf5eb45a5e539459c6c239238a92d57146c05ee1dc6011437c1fdf9e79fd1be7d7b11399bf590db90701fc5418306212020404c257335aeecf814aa07b416521f73f36a46af7ff4d147c5342c5763d615e87d9c085adfe89bc76dbf48229573b84279b0a97338151e479f54940cb8a8a6ea6c2b7a1f27820a44f9385dbee0a20afa0cd507b02e5e2a3655d7ae5d556caa1a00c9046708b8b29281557ffcf147b1ed8f3d13563d7162b80d9226ee232983882ae2a4501e6c469ce8d7c0a8ad244c329e93720eb7ad48e2449f07b9e1a5b2385d9ee02083dfe6db6fbf351da9bf50b1a96a0fd40b0e0e0e62014093264d84ef1a093c89ad3d411227ce72e8238713dc07926d8be7157152b0069b11271717173192910a8ccc9f4e7a3ca788936d441227ae8ce288929db3f271ba7cc1a92af56dca878a4d5573a02f10fdd05e78e105dc76db6dc252bd64c912bbd8fa451227ea39fd1e75d4795c65a7f6aa53280f36234e5cbdc10626cdbd54702a72b86d45122715395ca1ae83ba47c5a6aa3eecdfbf1fdedede78e38d37449803aecce5bbbd5cb77e91c4496f699291c319a2404dd52994079b11277de4708ef2c8f20f1f3e2cce29e2641bd14fd511fc3e6aaa4ea1be41c5a6fa77a03e0f0c0c14ef8924b44b972e2200e7e5b4f58bdec7897a8eabebd807b1ecfcad88934279b0a973384913472a64f90c4da07c9c6c2b9238c9c8e1fc262a72b8828211ec64556caaca818464c28409628a945bbf706a74d2a449829cda127ae2c4323272b83e08a80a47a0501e6c4a9c5861499a18419c15581127db8a9e3871ae9fbe216a559d82c2a55199d8548cdc5d1f635391acd0819fe49296a80f3ef80063c78e1521286a1b9238d10ac63e68dfbe7d660777fe2511e679459c14acc166c489a65cc60a91413029f421e039459c6c23923851e973044665a2a6ea1414fe1dca8b4df5c0030fd4cbd854d4f573e6cc41f7eedd05b9e4ca475f5f5ff1ecb501499c383d47fd26df3707f024b58a382994079b1127fa0ed037405658aeaee352579e53c4c936228953dbb66dc58a1939f252c44941a1fa419dc77626635331b44479b1a9b80a991d7e5d032d6f7c07bd7af512d6b9975f7e19eeeeee4227d5142471626c309225827d115d47b8d24e4dd52994079b11278e2ea8385859b9824bc60de239459c6c239238310e8e345b2b8b938242ede352b1a9fef7bfffd5c9d8547c065a81faf6ed2b9eb3458b16626523e3fd5527247192ab87795fea4006c1a435ac269cc3b98a937e6f4a6a466a73eadba63e4e244d7c582a080a9505cf29e2641b91c449450ebffcc15172e7ce9dc5d6450af50b0cddc27de5a84f199b8a7b4b96179b8a3ea4f608d6714e71721a93ab1939bdf9c71f7f88a095ff169238f11ed473292929e25e327c427513277e03e6d7b469532535207cb724d8b5059b1227c652898b8b13266812280acf29e2641bd13b8753a17005915a5577798241fba8d4193b474181a8486c2ac657b2d7d8548cf03d6cd8303cf4d043c2378ce490b314d2dda33290c48996264ed79134c96950e657dd53759c02e4aa42465d5752fdc2d0175ccd5a5bb01971e29254b27c92261908531127db8a244e54b8bb76ed120ee26aaa4e41c1fe21635351efcad8544f3ef9a4f061d4c7a6a20b853dc4a6e20ac6bffefa4b8480b8fbeebbd1bf7f7fa1afa48bc1a52089d3ce9d3b85554e1fa8938130abdb395c11a79a957a439c3c3c3c4acd4b9238b1c2f29c224eb611499ce8901a11112194ad720e5750a8bb9096657b8e4d45f2c32dbc9e7bee39dc7efbedc2f76bd9b26566ff256b90c489644b1f98938378eabeeade724511a79a957a439c38ea61e59566d6bcbc3c5189794e1127db88244ef4992089e5b751c44941a17e421f9bcac9c9c92e62539104728522cb76f3cd378b3287858599f7a39390c44986c321489a3803425da8a6eaec4bea0d71a2532b2b2c85959a319d38e7ce738a38d9462471faf2cb2f4d5f4cadaa535050b818f6109b8a7a6bf4e8d178fbedb7858fd7a79f7e2a7cbb384897c4494e479234d1e99c8b9438dd57ddcee18a38d5acd41be244e77056daecec6cac58b142ac3a2081e239459c6c239238c955758c1eae9cc31514142a0a3a5b5f8eb1a98e1e3d2a481eade92430dc0286ba8ed38e9caa230964480749ee6adee264807fd86624444c8387ee98cfdc6844cff1d1a5b30f719abc0ec96b83e164e59c510cf00c0e45b0a7f67fa749589b1c81494e9669aa2ef58a38713a88d373ac542451d2399cc25db695d4aec877cf557524b132ae16091563c52851a244495565c68c19f0f2f2c24f3ffd24e252b56cd95258a768a5e2f41ffda9b80d0b0361fef9e79fa2bfe00a416b79fd1be186c38c1345dd76dd75d789e94783c120369927d817d5bc8f9323266c3c8612e4227ea687e9980141919938bc6e8c2e9d7d884bf83e60d75c385b3927c41088c8a339583fc6a0fddf1753e74f859fc14aba2a4abd214edcf891c1c6b8b1224da364fafc7bdf7df799d328b18d50899034252424a0478f1e78e59557c4b2662a18aec461645ffea6bcfaeaab42b9d03193bf49c0f8974b9f9956a6a3301d83f8d1ff40a663de3ccebcf5695f78e105713dd3ca63fcbf3e0f799ce5a1d29579c8bc998ee959469996f763becc5f1ea3c8fb4912c9fcb923fef3cf3f2fceebcbcbe3fcab4fcb407d96efc05ab9f4cfa04f5b9577cbdf324f55d6fa5956998e22f364fe321dcbc8e3f2fe522eb7f6c5e7e13deebfff7ee13f45224542f59ffffc47fc25e9a0e337e355f13aa6ff37ef9665eed0a18308b6c9901e5dba7411f7646051866b60fc3aea42e6551db04e9c8ee2487a3a8e9d88c74c0f1e2b4d9c468e5f8aed0772907b2a077b37cfc3685a681c83b16a4b0496af4f47d6b11c1c4a5e8d49ee32cf0b3272e24a241d3c8ae3c73291be71167c3592e218bc125bd62c45d4ae6c1ccbde83d8f901260b910bfe098fc3bea32771e2c86ec4cc1d6d3cee3a0e4b1333907be63472f64423d45b233d8e931091b41ac18ec6fb78cfdd8cb8057e3ae26480cf8cf5d879f89856ee13c84a8bc4344f037cc31270527b0fa70e6cc44c2f93c5c96b26a2139623c844a00c63b4e7d5ca5a6679ca917a439c38a2603802691a25692289e2fe45d2df8973ce8cdd3175ea54114197ffe7310a2b3cf36320387d5a5ecfd51f24653cc67334c3d2a78ae663fea6307e14579230481c578af018afe76884ce843c2ff3653aeeadc750fcf27a59aee9d3a78bffebf394fbf0e9d37219309d2c699a9669972c59229ec132dfe0e060f11c9c6fe73196817e02dc10b3a6cb4ab2c47bf0af8c44cc11181b3edf39fd0324e81710151525a2faca65c0fc9e9c76e577e1541f7f331df3a3f328f394df9cabf66871e47797c7789ea110f4d753a41f9c2c178ff19e0c06c8e7d03b7972350d9d5a49fea45328cff17edcb8987bf0c9637c364e45f238ef47f07abe4b9aee799e605aa6e3b4b2e53be03be5fb94ab78788d2c97e58a9dea7cb7842a6bfd2e2b7f331df3ab8bed8bffa75f1223a473e51c43a5901cdd74d34dc22a4442296353b18fa09e8d8989a9d2bba533fce4c99385d54bf65377dd759708cdf06fc1325c4c9cb27170cd3884c41ec589f899f0d013a79173907a3e0f89f303e1e93d11ab0f9cc7a998097072998b34687de5da89f0720fc4d23d05c85a3b5a97af268600441c39896dd3bde03a6a22361c3e89b81027b8cc4dd54a9285e869bef01ab70cbbce1c45d458035ca66e45eef1ed9813e801cfa045d8a911b5f5412e08492cc0b9d485183bca472b632eb067011c5cc2b0bb3015b39d792f0302a334621733fe0271729d8de4d3198898e081116e0158b2bb1039918118e11d8aad274f62fb1ced795ce76337f6206cc4684464e7216eb2a3f17d6ccec5512dadf5f268a44dff8c16526f88135762b0f2cac6c806cac6a5df299b537732aa38ffcfb4b281b2e15321e81b1eb76d61e367639669651e0c72261b13c1396fe62157f6b1316fdfbe5d28407dba9c9c1c918ee5633a82e5669e5494fcbf04151a9f213333d374c4f80ccc938a462a558269a9d4e8e325c1fbf219a800f56939a549e2c4e726eca9acbc27f36367c1ffcbef4225cafbcbefc263fc96fccde5c0cc87e0717e4f5ecffbf15e320f969d7950e1ca63cc83ef86c459d60382ffe7b3d1974bdf09f199543d506555edcbfeda1707de3236d52fbffc229cc0191c93162a199b8aabfe18e389834c199baa22ef56fa3871651e2d5db460393b3b8b7b56056512a7d5a361709b8ad8a327103f7394993839cd484661e64a7899d23b05c7e1f4c98d183b42234e457b10eecae306f8aec9446e6c301c3c023171d2648df84dc278ffd1084bd7484f56326256cdc3441f1791078953feceb91861baffa4b853c85c1b80295bcfe2fce1046cd608674ccc66a46a552b3b621eb6e69fc4fa00136171f68097a796cfa5889348eb8571a1f3b078753492738a91b779021cf553752e26e2e4e200df5587717adb5438394e425c6e2656fb3961b2b5f2acf5874194dbbad41be24466cf06c246c686c09106c90c2b36211b0d850a8769291c3570f4c0462d1b28afe1fc34ad2c7254c3b4b231b38130adcc83f7611ebcaf3ca65706f27a3666994e968b0d8da32519ed9c605a2a08a6e55f99967f9996229504d372f4c606cffcf99b60f938fae171bde2a1f322f3e5f3c9b4f654562a75a66384621ee37d9827952447a6f2bbf02f7f5321f2bc2c17afe3f51c09cb7bf11c951ceb0c9f419f07c934df8dbc1f8523491ea3d2d3e7c16b9987aa07aaacaa7dd59df6c5df244973e7cec5902143c46297f7de7b4fc4a622a9e2741fa7e418859cb313ec376885d3bf5bfdaa3ae647b23970e040b1bdc7134f3c21664c68a1af28ca254eda6fb7a9b1387a22116bb76409e2e43c371d38b008aea6f486b1d13891b7191334e2947a3e1df334d22188d3eac31a719aa8a54f4681a812c5381e33492327be98ba643de27767235ffb973cd753234e3b911b3fcd34ed65c0f88dc771346a1c66269dc7a994556246c6280b316bc21cec283a8ab5deb2bc263111a73926e23466fdb1d2c4c96326e2f30a70624f12622357604d4a1e4ec5964d9c1c462dc1febc78cc08dd865307966944d11933ac95276864e9725848bd214e9c3a920d912c9f8d59362e567e8e322c1b0d1b28a7dd2c47405408acf43c2fc1eb489ad898f42331360c2a15122ffe26789eca43366682962f2a19a697603a367c9a8265b908a6659e6ccc127c069aa2d9b8f4a3253e271b211b9204d372ab04692d93a042e148549f960ac59ecaca91ac5e49ca3ca9a8f8ed788c797224cc67d04f1fc8eba9d4f97f098e5e9907093021f3905310bc9fcc83ffe7fbe2bbe0b3c9e3ac434ccbf7c1df04cfab7aa0caaada57cdb42f1226862960a46ffa2e516ebbed36117093f793603ef495e20a3cfa23d1899c42ff24fa37312027e346112c17fb0ae9d3c4749cbad3bf5bba28f038fd9d988e162aaee893b1a9788c1626fa38711a9056aa860d1b8a7e8a7bffe9bf2f9f85cfc1100c746c2709e3ff794c3ea735b01ce511270707374c8dcd4141d1796469c4c9305a7bff24485c85e6e084c0088d28ee5980912ed689939e4438388ec7da5df158e0654c33262a07a7b64c1216a7e263d118c76b1d03b1f6f0692484bac0676506ceef5d0c6fe16be481d0755bb122d81f2b324bb07f9197c8d325241ea7b3d6c0c1790e528b33b07c9431ed82ddc0291d71729db1038539eb309a79197cb044abae67e326198953b615e2a4e511be3b571b149cc69e85462779ebe5315acdca927a657122e12111a21549367236601226367439d2e1392a22ceb5cb864861a3e1c84c5a9ae471361a2a19fdb6014ccbfbb131733425efc7eb78bd4cc7638c39a2277304af673a46a9956965b9a838a4299a90cfa03731332dc91a091e95a04c4bc543e54bc5c37b104c4b25cdb4341bcbb424865474f65456f90d294cc711a8cc93c27cf80d4972f50a99df85d75301ebeb01cbc53cf4d6493e033b252a2f499e798e23747e6f92739907efc7e90476227c0f4c27efa7ea812aab6a5f35d3be18cf4992111226d90f482171615ef2ddca2d4faca595c7478c1821de2def258ff1efc30f3f5ceadd72970afdb565bd5b5abcd81fb1ac0d1a341069e9244e2b953e3615fd42592758373830a7f5e9f1c71f17d6285aa5b8858b7c771297264e9a70caee5891204e24529337646965cd4576ce59149d4dc79240278d7454803839b860426426cee51fc3a14347713a6f1f56fe63f4712acecf45ceb14c649e3c8b1349f385d3b8c38809587b301fe7733391712c1fe78e6c4488bb4696822371a4b80467728ee35c512ee2678fd2f2f6c0ac843328c9cf41b6f6ce0e649db2b038cd46e2198d501fcd10ceeb7b0f9c4461fa7cb83ab8637efa799ccbde8ef0403d717280ab56ae12a4619e9ba9fc6594a7f43396967a439c7c7c7cc4a88a265f82159ccc9e0a86d3737a8540854422c406cadf049510a7e0d8c8d898655a92308e34184b847910fcab1f71114ccb3c783de7bb25a43260a397a0e2e0a88c0a48363a82248ee5e25f09e6492523a71825d840797f7d5a9e673a363ede8360b9d82099966591e0792a2e9643c21eca2abf0bc92ad35121f337c1f2f1bb50f951a9133c273b055e2f152f85fe0fcc436ffae733b0a3e1fd641e043b3a3e2f95b8cc83f7e3c89ff5433fd5a0ea812aabbd969569289773fbe23b603c38ea7d921b4970f47f29f7de7bafd0ff7cb774fc96c72974d296abec28bc8ebfd987f07dea8f734a4eff6ee94fcbe3520896abbc77abdfab8ecf55566c2a4ee9c9d8549d3b77164140791daf673a0ef679fdc5c4a962e2e4e18f3101de7035ad3cab8cb8788ed6fa5c5fb89b56c0913815a4cd839bbb1f027cdc2c7c861c31d2770cfe19ed513aa4809307468f09c02813c9318a01aedea3319a3e4ffab452b46bfcc704c2c7d5c2a1dbc91dfe81fef0a850fca632ca5386d41be244673ed940095658361a8eb8f48a832b5258f9f4a31a3654362eae8ad01321fe9f8a8e2665565699b75408fa06c2f3ec28a54324c1eb39fa205193d7f29e4cc3064a2522c1727164c672b13c04f3a492e1a853e64950f172ef248eee645a9ea7a2a452d3a795cfcb919f2c03afa1ff00f3b6b7b2f238c92c47684cc7f3322db747e077d18fe6a99c4962a8d4e5f5148e0865b9643de033d0c783e9d9f1c83cf86e783f5a1c9986e0392a2f2a7bde4f1ee379de4bef28aaea812aab6a5fd5d7be18b15bea7d921b120dba6af039b8824d121e0aad487cb7b440e90912df2dbf05ad3a322d857d06f5ba3e0f3a88ebdf2dad44f21cd311977ab7150d80c97cf8edb8a28f9b0e333e15a7fee4fdf442f268add3af2d91c4c9c5ca397b977a439c1806403672566e2a0d8a54483cce51031512ffcab46cd492345109c84acfebd868d998798cc26bd830d8f0d9d865636263a6e2e071a92468d625e9a2e29079329db46a49c541610396e59269f90c6c70247e7aa54a724885a437b3cb6760a3e77512543834f352b9eacbc0511c8f4b25658f65e534a9fc863cc7912a8fcbefc2e31ca5b25362e7c4fb12fc4be2cb727154cd74320f8e64393ad43f2f47d3cc5776623cc6bf1c957294cdfbf118c1e7912b92543d5065b5e7b25eceed8b16203d81603f20df2def4de76d8613a02f92b454c9009414fe9fc7580e92227d5ed4e3244efa63b4fa10f2dd4ae244d244a9c8bbadea962bfcb6ec8738a342c2c8694339ed47b1d6e9d79ab87a0b4b93d573762ef5ca395c36062a0d92263d116205e46849af10281cd5b0f1cbe9398279f07afdf41ccf51a9310fd948296ccc541c6ce4d2f4cce35406d2ec4cb0f1b0d15151ca74843489cb72115241482523c132b2ac5432b2ac2c9f349febd35261d0c4cd73124ccb1110e7dd999784bd959516409e67be324f2a178ed6788cc26bf84df86dd8d9c832c8690dfe95601ecc931d13cb25f3e0b3f3b9f86ee4fd2824cfcc831d97cc57be075a04543d5065b5e7b25eeeed8bfa5e5a843885453d7da977ab274e575c7105de79e71d3135268f51b8ff1ccb47f2a53f4e7f23f91ef86e3955274913cf57e4dd5e8a38b1fcbc8631a6b8617ddbb66d4508044ec7d149bd5fbf7e62c705be735a04e99c4ecb99b54e5fc9bf977a459cd88039a74fc7457d03e5a88566723608566a821595a33a9a575911655a5ec7c641612324789ca3108e04499a782d8f312f2a0e36523932a270e44142a6bf171b05ad5abc970415a5740a940d9fd773a4c2064285278f317f5eaf57aafccbdf5432cc8b605ade838d592a248269a9bce4c888b0d7b2caefc2f472fa80c498d7311dcbc232e9a70f788ed7f31b5221ebefc5ce871d8654724ccfff53a973a4cfb4320f8ec899073b06799ce5e1bde47be0318a3dbe5b555655d6cbbd7d499d4f615c24fdbdca7ab72419f21a4978f4c263f437e2bb5dbc7871a9e3b438e9dfada5737845dead7eaa8e162a7e133f3f3f611d6314749ee78a3aaef063c7cdad61982fafb5045749321614b777b1ecf095548fd41be2c4f819340573650a1b1a2b1c8595970a890d521ee3798e4af423021e67a36185e60846e6c186c00acce3acf012bc8e0d99c4492a0f8a1c7149b04191c85141e8cdecbc171b17ad5812bc27cdf74ccb3c2538d2e33350a9b13c04cf4bf3bd7e74498247254592c8f210bc2fad70147d19481cedadacf23d336f4992e5c892c7f95d781f4eb14ac54b91a3582a54794c968b0a9c79f018c1342c975e21f22feb05eb01eb94cc83f7e3c89fef82e595c749b0553d5065b5b7b2321de5726e5fb4c248bd4f3f1f1e97ef96fe4174aca68f10498e7cb796cee177de79a7d8fc9dd37edca097319ae4bba5658b79331dff72db16fdbbb5244ef2b92cdf2ddf21fb23ba91fcf7bfff1569b912908487610a6845621fc67e444ff42e055e3778f0e08a39871b3c111c1a0c4f6be74c62f00c4668b0a7d573f555ea0d71620c0d36742a1c8295968a839626366ad910795e3f2a91c7d9c8d8686563e631fe95a32539e222d8986932e62848367c9e23b1e268492a401ea309970d492a3fe6cb74cc93ca8abf09e6c39104ad57fad125ef2b9f41de9f69a5f99e65219896e4906939e2d3a7d55be108a6a57292ceaa84bd9495bf998e2361a9d465b9e44898a374a621f897f790df85f7627ad603e973c172f118cff119a83c39f29779f0383b0a4e57b09e302d854a99ef80249c69651eaa1ea8b2aaf65573ed8bfbc249bd4f72b370e142f3bba55f93243c24293ffef8a378b79238f138a7f7ca7bb77c66bd858a210498874ccbfd36e5390ac1f7cd6db8b8e1303715e6de77bc27f74ae5549b0c9df0e8a38f8a3caa0abe1f5ad938235211e264088cc4d19cf51853e62a3a0302238f2267fd98722369d737a937c4891bc95219c84ac946cc8648e2234185458544d2241b3385230d8e4af473e53c4e932b951a1bb04ccb3ca8a8285201129278b101311d1507f363be1c7d485049311df3663a4292398eaca4f22348fcf80c34134bf09e1c7d5181c99120c1b41cf17174294165438562391295a330a90cecadac4cc7ebe5f7a6307f2a43cbe9032a687e437df03d3ea3ec6c64c74091cfa05f1040912361590f08e6c14e88cfc732113cc78e906999177fdbdbbb55655565bddcdbd7800103cc7a9fc24d7c4990dcddddc51496244814e9fb2aa7ca282445977ab7f42192e929fccdbc2cef4da12f12f3e7a6bf7dfaf411fd12df1549987cb755750eb704a71349dc6871b4244e176dc4ebe88bb0044edb9ec2818d33e161f0c18cf53b71f8582e4e9dc8425ae4348cf20d8331c9016c9cc9809195df10b72e4abd9aaa930d914488a30736042a0c827fa990383da7b734b181b2d15059c8064a50a9f1381b15c1b43ccf864c7330afe331820d9e8a462a400aff4f65c07c2438c2619e3c27cb45e5c3111ccbc57c24f87f2a24691297e03390f8e91525ff4f85a837df137c7e4b654d85c163bca74c6b8f65e50851be6be64945a57754a55099b31e70fa545e4fa5cfe9037636b20391797024cc67e0779679f0fbf37e54d8f218cfb363e0889af949e8a720645a550f5459edb1ac9773fba205aa79f3e666dd2f8584494f9a18195cbe2fbd7338ff2f51d6bbe526c0327d79c250017c877c86f2de6d751027e6c3c099b404f2fb96224e066b1bf1bac13b74ab36a8e706b79e18393b19a7332230c16304dc02966077610e22837c10baf5244e6e9f83404fc72a6d885b17a55e3987b362d1d244b3b13467b321f22fe79aa542920d94159d9590ca429f9623043a8d53d1f118c1064cd2440542a527f3a082a102a4699bd7126cf86c8c2470f27afd54a03cc6864ac2c6e3b25c04950889987ec50cf3e608924a51de9fe0ff59268edaf4f9b2615151b10c12543c7c077c17fab4f65a560acb2295ba54c84c471f237e437e1ff96d799cca98e5d27736547254f41c3dcb7c99961d02f3e0fd641eb263e0542daf93e9d901f03de83b2c550f5459edb9ac94cbb57d51dfd2c223f53f454f9ab8128ef913bc970c404991c449be5b924abe8759b366e18f3ffe10fbd0d1074a06d9b426bcd74b2fbd242c701579b7158de3541e162c5820c820c1f750dae2e46975235ecba93a67af71089db718aba39391539c87cd139c7453758e55da10b72e4a9d264e13264c305764fe9f0a8924860d4136440a950e47667a25c3d1102d4714a91028fa293e99564f9ad898099e6303615a2a2abd52a102e4bd24780d471f6c483c2fc1eb785c9f96e592644ea665be2c0f1b399f5182ca49fa5ac99199542a4cab1fe1322dcdff9caa645909a6e57deca9acfa4e452a64fdf40185a49979d2f7421e63f978bd54ea320ffe9f530a1ce1ea9f814a9779302f798c449be92c953acbaeb71ef018ffaa7aa0ca6a6f65b5a7f6458b1bf7881b3a74a88871c41569eddbb787b7b7b77877127cb79ccaa31569e4c891e2ff5e5e5ef8f8e38f059121a9a10378870e1d448c26769c2480bc0fbf13fd67798ec13519cd9bd7736f3be65bd1772b7d9ce8fb5455b033a7d33b713171d2c4ca46bc7ae2e431331e790527b0272916912bd62025ef14624b11a7aa6d885b17a54e1327565e499cb891221b2d2b292b3cffb24273b584f43be2310a1b1c4dccace4323d150697a19274e9d3b28193e99324c9b46c941c1952a1f0b74ccf34bc1f4732f2381b3b1df96483a7301df3e4284a1ea3b0b171c4c7fce5318e64f89cf219a47054c6518dde744e45cab4fa7c592ede9f0a900d591ea782665a7b2b2bd350d87990c852a1f337d3b12c54b05476f218fff21ef2bbc8eb29742625a166b9e4313e0397024ba75a5906d60bd60fd9b1f01ceb0fdf01a70ee4318aaa07aaacaa7dd9b67df12fc90f7794a0c376bb76edc40a3a922492a58f3efa48049564f9f8ae6af2dd72559deca748beaa02be83264d9a9849f145c4a98c8d78499cb2057172c28c1d85c85967dccbcee0b304fb71167193489cb2cdcee155d910b72e4a9d264e34fdca659eb7de7aab68ecacac042b3a476b96f3e46cb034ad723a4ea6a5426085a755499f568e8ad84024789e8d8973d76c20126cc49c2294a30fde9f0d890e8e6cc412b468f1fe72b446f0fe96a34582e6702a0ee97849581bd1104c4ba56659563ebf6559695eb7e7b25221f3dbf21a968b42c5a7f76be331fea592a7e2a3b225789cca4c8efa792f99877c065937285221d232293b318223628ea4e5d401c1731c41f39df17efcadea812aab6a5f35dbbef8ac9c71605c243a67733a8b0489d36d1f7ef821860f1f8e3973e608fd4e3d5fdbef961db0244edc46a52af8eebbefc40228898b2d4ed637e275709f8ff4f3e790bd3d1ce36727e24c493e8e6664e158ce5e1c385988f4f9ae709f9f8ef3e7b2b13ddcaf4a1be2d645a9d3c489e8d4a993b9524a33a66c4cacf47ab06170b4231bb904d3d20aa50715051b3f47407a9034b1f1e9214751fac6c486c486a76f48544e4c479225211507ad657aa5ca344ccbd18d1e4c47c526150cc132b2ac2c871e1ca5f0b81ef65e563902d42b75e6191e1e2e88ae3c4621b1a6b9998a9cbf09d60d5a0be9b321c17372d4cd67d0e7c13cf96ef4f7e3ff5906d619fe96e07b90237782e7543d506555edab7ada1789c8e8d1a33179f2644186684562f46ffa2f912c7113dc808000e137c5be80e9f5b0f61de43bb04ccbbec3322d891ddfa1655a9239be1fcbb424789c7a64bc28f64f9caee3f35616fcfe37dd7493209c12171327a3586ec44b7172f747a0bf87581d2736f90df4b1d8e4d709eefe81f0f7d08896f85db90d71eba2d479e2c4462a891343e6d3f4cac6ac7744a4d0995236723d58b1d948f46949acc2c2c24a2935822b2fb807937efe9d23138e2a682a26e47136463d416343e2a886a3123dd8901887445f2ee6c9fbd03f410f96870d97f797606395d6323da80c5906bd02a542e2f57aa546d85359a97c6559f99e659e1cb1b2e391ef9f0a9a69a9e4e43182df9a56443ea3043b2939ba25647a766ef27ef2188523692a453e3b7f137c4ebe07d611798c7f553d5065b5a7b25e2eed8bd3976c63244a2444f40d621881bbefbe5bf8319138cd9e3d5b1025fd73f17d511fb31deac1f74742c5f3122484d4f37a4b134182c27e84cf2e21bf83f4c992a0dea7254effbc7c1ebe6f7e4f06d794fd1337ecad0a1870f38b2fbe30fd32a22ce2a4a47aa4ce1327a255ab56e6cac9caf4e79f7f96523e6cf0d6948f6cfcfab46cb834a9737e5fdf70d83899964a480f2a1e2a208eb424d8703857ae874c478525c13cd9c02cf3a4e2a3b2d2df5f76cc6c8c7af099785caf10f83c54c09669a9a8a9b02d1bb9bd9595df88e0dfb2c82c952e15b03c46e1f5fc8654d8fc2d4125b464c912f3289fe7785f7600d26a29f36047c13cf42367d62f762cf23df018a1ea812aab3d9655d65ffeade9f6454b1817519004910cb56edd1ab7dd769b986ae3aa354ebd710a6efcf8f182a094d5be64196881e35427ef25d391649220f11dcb7404efcff740c8e3322d9f51a6e377e2005d3fc0263838e773f1dd103c4e3246d2c77270759eec97182d9c83f4ca82cfc1209ab444eaa18853cd4abd204eace4efbfffbeb99252b8eb353763e4a6892e2e2e9832658aa8e45218be8073c65456f2181b8cb3b333264d9a542a2d4dc35c59c1f3fab4bcde32dfe0e06071bfa54b970aa195ebefbfff16116de5310a97be32601b4dbcf218ffcf551f9cafd7a70d0d0d1579b0acf2181be78811232e4a2b9f8be593c7f87f969f65d5a765ec2b7b2bab7ccf2c2bbf158ff337d3f02f9d46592e2a70798cc27bf37a3aa0ca632c178ff19c3cc66b586748be9997bc3fefc7d53a7428e5ff657afa4e302ddf913c466114613eb3fe7a550f54592ff7b2cafacbb25677fb625be1cab6debd7be3b9e79e133bfdd38ac4a0959c6aa3e33417f98c1d3b56dc5f5e535efb92bf999e1d1ea7e8f4e9e4bb6559e43112495a71e8b4cddff21d302dc91b9fd1322d43dfc86314ea08a6e57b90c7f84d860d1b86b7df7e5b6c242cfb22c67022f9ad0a98ff6bafbd66fa75018a38d5acd40be244903cb1e1e9c99312254a942851622b21b9a92a6922de7aeb2dcc9831c3f4eb021471aa59a937c489a0a994231e4edde983a12951a244891225b525f7de7bafb0cc594ebd56065cfdd7b469d352d3b4128a38d5acd42be2a4078393715e9c66569aa6952851a24449d5c4d1d11143860c110ece9c8a62646eaef4e24a313a6c3ffffcf368dbb62dbefefa6b117ddb5a1e755d38754867754efb497fae7f836fbef9464c975a03895383060df0c30f3f28a90179e69967ea27715250505050a83ce874cdc531818181e8dbb72f5e7df555e1dccc00920c014062447f203a8773618442f583962a1253cb157f12fc4674a2e706c74aaa5fe89746ffb2da82224e0a0a0a0a7600ba3670bf3c76107438ffe4934fc426b25cd1c6e5ffb47870451b570072b59942edc1cdcd4d38ca2bd40f28e2a4a0a0a0709981160a3a29737518ad485ca9452b52b366cdc4f623b42271a598b222d91e9ce6a3758f617114ea0714715230835b4a3058ddb3cf3eaba49eca679f7d668e7b7329707a82cbdf19d24349d5844bff69ade8dfbfbfd89896cbfe39a5c39dfe190fa865cb96e29b700f377f7f7fab7928a91e619ca8aa802118de78e30dd32f85fa00459c14cc60ec146b2b4e94d42f6180c38a800b3998feb1c71e53520179e49147c4ea2d6ee971e38d378aad47183f884ec39c6ea3af063786e5ceff8f3efaa8d53c94d48cd0619e75b92a78f3cd37850f9942fd81224e0a6630d81e9507839172458e92fa25ecccf9fd6574e64b81810a6921b1b63cb83e0bfd8f060d1a84ae5dbb8ab83efa156d2446b4ec31040b7d621880d15a1e4a6a57060e1c28827b5616dc2b90d3a7d6421028d45d28e2a46086244eaa33ac9f423f0d459c2a27bffffebb58d24fbf233a68b313bdf2ca2b45cc1e46dae6545be7ce9dc59269eeb46f2d0f25b697aa1227465567580385fa05459c14cc50c4a97e8b224ee50bad488c8b24ad4837df7cb3b02271c77f6945ead9b3a7f047b276bd92cb57aa429c187a809644cbbd0d15ea3e147152304311a7fa2d8a3819c5d28ac4f7a2b722d111585991ea96548538715f3f5a9c14ea1f14715230a3d68893cb44ac4a4c464a4a8a26c9484e4ec2f64dcb30d5cb20cebb4e5983a4641ed7cb362c097214e75d7c43b06c7332761fc840c6fe54c4ad0c81b7a3296fcf1958afa58f9eed05838333fc67ae43c2ee83387cf82076c54760a6bfb396ce00ffb0cd4816f7d74b3236cef1815b39f77799b80a89c9a6f43c9eb41d9b964d859741f77c42dc1012b1c3e21ec9d8be741cbc66acd7f28bc66ced799d82572021390e8bc6189ffd82b862ca9a248b3268b26d0982e4b356b3d447e224ad4832bab6de8ac468c4f5c18a6418e1016f1f2fb839593f5f1fa4b2c4893e4ddc5e253e3ede7444a13e41112705336a8b38398edf80a3c5c5389591263ae9d4dd993855548273bb16c2cbc10913371d4771512e0ea5ee14716a84246fc41c1f035cc6adc6beb3c528cc3d88e4b8cd884bc9c2d9e2221cdd341923b4bc9d43e37116f9489ce9a2dd270a478a8a7072ef366c8a49c0c1bc6214e56cc444672704af4ac24eeddefb8e150025a79199ae95636732d64c762be7fe4e18bfe1288a8b4f21234d4baf5dbf3bf3148a4ace61d742afd2cfe93419b1b92528ca3d84343ea390146c9a3b1a33e2cf02f98998e9624050e4111415edc1122fddb5e2fa89d8745c2baf767daa2c8326c91be7c0e72292563d52978913ad480c1069b422bd8e279e7f5558909adc753b9e7dc46845ead4bd3f66476fc399336770f6e01a8cd1bf67ef05483e998f73f979489aebaacbdb808095fb71f6dc6924cf1f0907b739483c958ffc13db31d34da6198199db73917f7a27c23de5b10be2b5280d67f2cf89bce36791d8f3b81ba66fc941fe39edf8d983584362ed198e9da7b532f05829c947d6fa09da355e589476465c939f178f59cea67bb84dc7961ce375fae7720b5a88d83dc771ae98e1274a505c70027b36cc84af24e623e761479eee7ef9da739dc945f69e58cc0f70d2d278222c597baefca38899ea62bc4613834f18761cd7d2e6a663698071b073b94b6589136368fdef7fff33fd52a86f50c449c18cda224e9e8bf7a0a83807d1e3a5521d85257b8b507c6c23829d7cb07c5f118a3223f08f254130fc8388c385283aba05d33ce47137846cd88b833b57609ca30163d665a1a4783f966b24cb63d12e719f8d138d4a7de4b4082425aec72c6f69dd71c5bce402949cda82a972b46d28e7fe5a47b1788f56ce9c688c979dcba825d85b548c631b834ba535f8aec4418d1c664604c2a03bee60188375595a27b57fb946803cb030fdbcc86f828515c9e0b31cfb34d29719f14fe9eb6b50ea0a711a3c78b0d98af4c4134f5c6445fab0cd17085abc0a478e1c4149613ac247f23a03fc57ecc7f9128dac6a44e26cc24cb898f374c3b4b8133086992c467654101c75e7e6a568e4bbf80822c71ae03431061adfd578c839a44b32ed381e1b8e166bdf79c3857a631667846e3fad1175adce9514223d5c235fda7183ff0aec3fafd513ad6e959c4dd048b6039ca66d455e4909f28fa4094b8759b66fc5cac91a99730ec5f6d35af9b5bc2ef55caec1eb70e85c094ace1fc7eeb848ac5d178bf463e751a2952133723c9cb4344e93637152bba6e0e82e24887b252079ff092d2fedd8eec5a29caed3b722574b939fc6418f763fc7002cdb7356cbe72c762d195d6b75f7df4a6589d3ebafbf8eb973e79a7e29d43728e2a46046ed1027274cdb968792a20cc486cfc3bcb0855811b34728dfdc6da17073998984b35a87917b083bcd53543bb0699e3f9c264423a7e81cd2c23dace44b71c782f442949c88c144ad83328c5e863df95ae770ee2852a31762a21747c9baf48ec1d874bc048569e17097c7cab9bfc1691ab6e595a0282316e1f3e6216ce10ac4ecc94571492eb685ba95ca7bc49c1d38872264ef588fc8c84821eb56ce80afc702a41796e044cc44383a85202eb718f93b660b6b99fe7a97990938ab7576b987769acaa0c98e4d98e76f39a5577d626fc4495a91b81fdb4b2fbd64f64562846d86d41056a44e9df0fdf7df97f24532fc13814c92d28c2c8d64ecc3326fedb8eb34c49d2c4641d661ad8e1561df326f737aa7a0081c2ed4be454a22f66964a620792e5c4de768198c39a1d5318ddccc7031c067f97eedab135abd3ab80aa349be3d1763b7f6cdad7d673118c82451cf4096f9beae1a513b89e2822c1cced1ceed5b066f8d0005ae3dac91abf31ab9722f9d87492afc5c8e415897a9b593a2a3889da66b4b5ee148657bc9db8a69ce06f8ad3ca0ddaff4bb70183117c9055afbd00639e2b761ac287f495116d605b9625c44060ab47a7b2a793ebc2f1a785cbe5219e214171727e27155c7c6c00af609459c14cca815e26408c4dac3da28ba200f274e9e81d69fa0f8d441c4af9b83c0110e700c8a42b6691acf3c4db6331911216e18199e8e422ae87f34f2202c438562bb094afe8e3970759a822db92538bf733edc4cf71b317a0656c71fc429ed4625f987113dd538a217e2bd0cfbb4117dd6ba0b569df2ee6f085c8bc31c81e79dc0c9335ac7032dddc178ac9b1368d1213a627c748e36ea2e40def1e3386e929ce445f09fba05b95ae7b773be96dfe8d5c8d094ef81957e162373470445659ba604651934498e408879faa7fae572264eb42275efdedd6c4562b0c85256a40f3fc4975f7e59215f24f70569385f7c1c719b599f32b026c0097ecbf6a2a0f804e26353915f740c9b269aaca15a3d5bb42b1fc5a75310e63b011b728a5194b50e634da48096c1fd5aff6924372e989970560c0ad276698383e26cac1fe768b21459fbce9ab82f40daf9621c8fdbac11ea2264ac098093df32ec2d28c689f8588dc814e1d8268d643bb861fece02ad4e9dc6decdabb16ad52a93acc48a59638485a8a2cfe53479334e68f5f84cd29c0b03068ac10f2b0ff061f660c9a811989d94af3dc371c486b8c3d56d243cfdc663eea643c8a7d52b65bef93aaff034ed98d616f6edc111ad9d159dd88619668bb07d486588137dde468e1c69faa5501fa188938219b5429cdcc290aa8dda7363276bcade0541eb0ea3f0dc7eac0c345a523c16eed2947e36a24c8ee07a719dbf53eb1872b0414cf17962fcacf9085bb2558cd40faef287a3ff2a1cd23a04763e8ea382307de634fce36ebcd6256019766ba3e9028d60c92918a355e70ce26748bf92f2efef16968af325b9889dec0407176dd47eb810e7f6af44e04523eb5158b2471b855f34356380ffaa43282e61a76680ebbc649c2b3e89cdccafd4f51e58b8ab1045d95135e6086e4d2e07e264cd8ac40e4d5a91384522ad48c3870fb79a47f9e28429b127517c3e158bc2933432a17deb8921883d5e8cf307d660c1e6e3283e97827926823a32741b728bf3b167a9bf467adcb19016cd733b30c7c578de6566a2b00c1edb140c47c7204465734a6e23264fde84631a013fb9651a82d666a048fbcea2de942a8b039ca6703aec3c52178523492349d951131112ab95e1fc01ac59b019c78bcf21659e1b1c9c262146cc015a4223589bd9962afa5c060446d072c57cf5be5a9a388e13e52f39bf13f3dd8dd38b174123806732b6608eafcef2e912822d278d694b0ab3b1694a69ebab3d48458913b7a56208020e8414ea2f14715230a3368893d3a4cdc68e22cc64f9719f8be4b3c5389d385b1bfd3a2124ee148a0b0e6063d83cb10bbc90b9b331c1cb00833612dfa78dc44fed8ac0ac89e3111c321b4b630fe26c91b1531a31472322c8c3d6694e709ab849eb74cee3f0e67998346e1c26cd8f45e6f922e4444f30f9a7188c569da2bd586a76cc2eeffece98b4d9d8318509df116d843f3719678b4f2371b6c5d4895328b69fd146e549b3757e32941198937c0ee054889323266e3aa6dd3f0b718b2edc6beeb431daf521883b558c82031b1126cbc073b3275859bd577d52dbc4495a91de79e79d5256a43befbcb39415e9e79f7fb67a7d95c4e08f95078b50941589f1a15b91a7d59de4f8bd1a81cd43c2ecf1587d483b97b106017ccf4ee31195a511e0824c246d884254d40624651668dc2113116215a42382d66b7548ab75297418f758885d852538c7a93cc731c629ac33e948dea35d53908a05a67a73413422bdf2208ab43a10393e145bf38a7032391e7bcf15232f6136c6af3ea49d33926ca365ab0485fb5623c8d7073e3e17c4d39516d88a3e971326b31e17e7222ea43491731cc3a9be12141d5a8dd15e8bb187d6a3ec6d583c773e966f3d8c7325e79119157cf174a3f61e445dd64855d6faf11675de3ea4a2c4c9c9c9097dfaf431fd52a8af50c449c18c9a274e06f8ae38a08dbe0f63adc9c2e4e0e082695b73b551ae46607c03b126c38adf00a7e7c632bd1302c2e371245f1b15f37889d6919ccec2ce0d7311e0ec88091b8f699dda6e2ce23481c107b3369ba6e844d2f33891be0613cd9d970716eda25548e7986d0828fbfe417e5871a008c587d75eb030b94cc3564e0dee5d5a6aa59b811d5071310eacf02d3d35e338011b8f699dd1ee45f070f0c6b27ddafd4db73042cb2b6d010c016b60bd1817a6886a422a429c0a0a0ac4e6be4445891377f2676723ad48f40f612775edb5d79aad481d3b76fc1756a44a88eb1cecc8d7486de22cb84da22337a77ab56f92a9bd5bcf30a49298c785c049abab7e4bf76864413c6a6994e4236936171c7860e1ee42edc36460f568039c42e2704a230f8756d3295aabebcbf60a476a6e9accc506a556e90971c59c1df95a768998e566b42871da99c46cdd584f84a516a0f8541c429c1ce0328b962d8d98ac1b7bf1741fa512cfe5bf4a236b5a5e8723feb9e0e4ee341a4bd2cf6865cd47fa426f384fdf86d3f4b1db32554c033a38726186565ff37761918fceda24c415f352ce99a7264b9fb30fa90871620802ee69979898683aa2505fa188938219b5e31c5e0de2e40edf804004f8b8c3d9da799d184678c25f4bebef7961b9b412eb521e7162e73f7bf66c4174fcfcfcc4316bc4496f456adebcb9b02271135b5a915ab468513356a44a88231718141ba7769dc6ad47b65801771629f33de1324d233ec585d8b5d0030eeeb390704a231f27e230c3db5d3c2bc573d676e1af74786d200cc232a81123416e0c0858c329b95cc44d3559723cc2b053233324c4a7b7875e5c5735221d4d9fa983abe0ef340eeb8d85c1d994f9f0d44839ad8e85bb166a24db11e368d9d2ee9b931e87d8d8589dc460e944d78a3f97765f83ef62316d5d52781ce91b5760c9b2086c3bc0b01ac5c84b5b84d15c9d1a91291cd1d3165cb0a68e32f932e56c9a68245352b8c8e21857ff6904d03485696f5211e2141a1a2a7cec141414715230c36e8893921a91b288d3faf5ebf1eaabaf8a73146e4e7bf6ec590c1830405c6369457af0c107cd56a47efdfad5bc15a912e2b5640f0a8b4f216e9a9370f6cf282a113e49c14e8e181b99a5119f23880a1a81e0e86c8d389c456ab86e45992606bf9538a85d7336712646d032a8111423b96158827328399f8e8566c76857ccd89ea791ce42ec5932aa543e42bc96604f212d41d3e0c4451319452861f88c6027388e8d445651318e4405c1e0e08945bbb818c10a34a2b645236a157b2e69293260544824769f60f801665282a2b3d9d819351ba305f11929ac5d17a6244de5759b85c4d31ae13a9d88d9fa6947efa5d8abddaf4884d8d01db723a908717ae59557307ffe7cd32f85fa0c459c14cc50c4a97e8b2571e24abe4f3ef9c44c98a470c9ff55575d2556b43146d2071f7c60532b92922a8a6104bc468fc118ff5170b553c2535d7229e2b479f366dc77df7d622a554141112705331471aadf2289537474b4f037faef7fff5b8a3049b9e28a2b909b9bfbaf9dc39528b95ce452c4e9f3cf3f87878787e997427d87224e0a6628e254bf4512a78d1b3762eddab5080a0ac2d0a143d1be7d7b3cf6d86362c59b244f3131318a3829a933521e71cacaca1221084e9c38613aa250dfa188938219f6459cdc10b256b7096e523cb6442dc624d346c166719d8895dbb5f3092b116cb189e9888099581db713fb0e65e0e0aeed581bea6b727a35e6bd63d33cf889290c57042d8ac58ee4446c98eb0f27d7295893b4039bc3e4961206f8cedd881d49eb308d71a3c47953b934d991b815ebc3c7970e3678194a593e4e125c55b46bd72e2c59b244fc55c449495d91f28813cff7eddbd7f44b41411127051dec8a38394dc6e693c5e64d7053771f161b0517ec590a5fb3bf8623fe599b81f3748035c5c391d7bb0647e2507e090a4fee4762ec16246570bfb06c444f7436e75d90321f6e060f4c8edc8fb3c5f9c8d8142ae228c9185117561c71cfbb7328ce35ee79673c5f84dc43a9d8b9330dfb8e9e4571491ee26758041cbccce452c4c9128a3829a92b5216713a7ffebcf0e5e3004841414211270533ec89387113dd0345a665e1e298179672a3e0ec288c33c56532788723ed6c218eec48c691a2b31722849b360b2e3e998059a34c64ca7d36b61c3c88c4c55a7ea6bc332242307b4b160a8a7291b6629c697f32ee47b60f455c71c4ad5f78cc71a2588e7d3e9d7bdec9f332f694560e1158b008075732fab4b16c97a328e274790a436af8f87860c4bf74e0aeae7ceaa294459c424242f0de7bef997e292818a188938219f6449c46cc4e427e4911720fa668a3c19d483f781c674f1dc0c619de267262dcd1be302706933de722f95c110ead321217c3d875629b1663a0c272f23e968ba292129c4e9875615357d37e64c5a7b723d4d9744cec79578423910c4e683a9f9f8665e3fec1b88933b12ae5388a8ab94fd8c55b6e5c4e526f8993c10bb3b765e3d88e053a6b65d5c46d4e224ee59fc581d592d0ebc500af90b548ce388ebc33a790b37f1b160795658534c073d2726cdb9f2b82688a9001a733b07541e0c591b9bd1720f9643ecee5e7218911cc4b9dbf743e23e7ed409e56e6fdab022e94d96b11d2cee4e34cfa62786bbf3dc377e274fe399c3b6721f959583f6331d2f20e61ad1c48d8a194459c186a233c3cdcf44b41c108459c14ccb01fe2e488f11b8ea2b828178752b9016e2a7667e6a1e87c0eb6cdf612699c82d621f3fc096c0d1d09eec1b53ebb0867b6870a1f26e75989c8b7b2e544a9bcb50ea6386f1f52f6e5a1f8dc1e2cf533750a8620441e2942d1dea5f0325dc33defce1473cf3b17ed5ec6fdcaf42829ccc5ee88c9f030dfe3f294fa499c9c3066d501e4e72661ce286be72b234e9818731cc562ffc38b03ae1a7c97604fbe465c4eee464c641c0e9cd1ead8b14d9868e17b47710f8941f6f912949ccb41fa9648ac8ddc8afda718553c071b399d6c4e6b1c20186b5c31b2a3822e4403af503e4e98cc3dee4a4e637be8857c9d43b78bc8e1276226696dc609d3b6321e553e8ea4c5233efe826cdfba1293476aedeba81c385cb8b73d899e380d19324484d6e036478c49a6421028584211270533ec87388dc2e23d85283a12892069211861dc72e27cca5cb8187cb17857fe4501038b0eac14cede4edc4ea2f82c12678d30e56780d7d44558be281481aec6bc8b4fedc4a20067180256e1e0f962e46e0b851bd3bacc457241318ec7c8e8c95a67c97dba0ad210cec08762bf32adc3d9361fe3c68ec53f81fef01c611f23f1fa489c1cc7acc6a1f3f9480d37126e07275f4c5bb905297b0fe2d0815d48889a8bc011a6f44ee3b0242e1e714b6760464412f6ee89c14c73b04b4d0c3e58bebf482325fafd0f2f884bf072c4ef4c47cc6c46f076c1ec24ad8e1669a4dc32ad5330a273984f3662a698f674d4c46d563c8ee79dc09ed563cdc79c82227058ab6fb92989d8a711a402ee93673a57a17c0c7e58798069f66089b91c3272780176ce77d3d204622db75b399f8e70d3a6d9a5c51561a95a7bdcb3c43c98b037d113a756ad5a89764061f4fb55ab5689c8f90a0a128a3829986137c4c9693ab69d2e46e1c1182ce006b8f3c3b1322e03f925e7717055003c666c476ed169ec8a0a17cf1416b6001169a7509cb70dd339baf75c80548d641564c6217cea44842cd88403678b51707035c6b818f3e606bdc6cd4c5d317dab36222f3c8c75414edabda7222eb718e733b760fee409983c2f5a5c7b66c75c615112fb95159f43f245532697bfd43fe2e48179c967517c62332671da552311e13bb57aa21186e37b93109f76446c3192a77ddb515a7ae31e84253877e60cf2f38e2263fb0278eba7f65c6622e12c2376ebf63f2c431cfd17239d16272b699da6c62157bb4f7ecafcf2ad941a515ba40d108a4fa720cc77023670fb16dd7e8615ca67c46c2471fb95fc83885bbd4a908455abd6607b66a146a64c7b4abacdc7ce02460cdf8bcde6349aac5c81596368b575c2cc048d049ed4dea315eb993d889e38b14e4be22465ca9429e29c8202a188938219f6429cd881690360334a4a8a50a07564bb36ce86bfeb78ac3fa2fddebfd2b8c3bde99a514bf6a0a8683f56f8d2fae308fff9dbcd9b059768442727751da67b194c7917e1c04a3ff3b483c17f39f61514e36cea026d446d80ef9cadc8326f345c88dcbd5198e6c9b4a6fdca8a0e6295bffdf97bd437e264f0598abd8525381133514c6fb94cdf8653f4694b9e2f889283d8eae4bc791b15b7b0549cd79ebbe06004c6bb5e9c9f635014b2495476ccd1f9c45d2c8e3e73b02d87c4e418b6ce30ee1f77410cf05b791045dabf3d4b4d56b0326464e8368d18e56be9e8bbe78e85e95a9ee776608ed836a562f9388edf80a365cc4495e46dc534ae12159b069b0eea517c029b27933839634eb2f666cec663461d204e4d9b362d459afaf7efaf2c4e0aa5a088938219f63355574de2ec01bf80d1f076ab82d3b676ad6f6020467bb9daad5f87a5d437e2345210a17c24cea23f92c9b74df8fa48ffa411989bcc3ddb48b89d3169f309ad033d8df819728ab7b4782cdc85428dc473a3ddb2ea8493ff7c241e23693a8e1d0b4697de2c57889c262b44cabc7236a6761a8fa8ac2294146422694314a2a236202953bfbf5cc5f219b5788f28f3e1a849f0f5f1818f26be93a2b4c143090a772f82a7968fcff2fd229f7dab83cc698ce269dcaa454c516a03891331766f7122416ad4a891993471cba1226d20a5a0a087224e0a66d43be2a4a494d42fe264c0d8c823282ece344e47d1497af349edf7316c0c7634a6719d8eadb9c5283e15871017a3ff120a7662be9b655e142784c49d4249f149c44eb14ec40dde73107f4c233b8547b16db64f29276ebd782c4cc7f99262e46c9c086779dc3d14b11939c8dcbd0e934718e0b7740fce59338294e42369b691285d3a1f274cdf765a2bb371a36079ff1173768829caecf5e3b432ba6056e2598d905d08af7191b88462fb991214a42eb8ec83bc962592389d3c79d24c9a5e7bed35b199b5828225147152304311a7fa2df58d38054565a3984ed1a6d574eef3927156230cb93b572274722856ec3886a292f3c8583b168e26ffa5a28cd518adf76b926208c09a0c8d58692464dff658c4c64ad98cb5337c845566619a4640b47f05d9a98813e762b072aae5549d265e0b90aaddaba4e824766f5a89a52b3620393b1f252505c888180f17f7594838a511ba137198e1ed2ebe03c573d676e4d17a24639b5d2a1fc3184464d2e93b4de7f4ed88e08d3928d60898b0c48915a9c65578e971fae7d224662926ba722a6f334e969c43ea02cfd2cf61472289535a5a9a68038f3efa287272724c355d41a134147152304311a7fa2df56daace6be95e14e957c0197c313bf6104e17194d392545a7b07fd32cf8383ac0303612478a4b702a2ec4caf49a266ef39062cd04a4112f46983704ac4186295f334ace940a0170410cf00add80bdb985a695a11a613b9385a45593e0e1e082e0e86c8dd09d456ab877a9eb0c7e2b7150bbc7d9c499a6184de5e5a39d1f1986d402ed586604c698c9a03796ede32a3b933fa0e722ec2ab4f25c1a8c91f2dd30333e0fc5c73763b2f0adb24f91c4292a2a0a77dc7107f6ecd9637a4a05858ba1889382198a38d56fa96fc4c971620c4e14e560c338d3d49c499c46fa20704c00bcdd6cece06f708557c03ff827c01b6e9758a557ae54573e56c4696c0432cee72271b6fd5a9b2892382d5fbe1c5bb66c31d5700505eb50c449c10c459ceab7d437e2e4e0320d5b4f9dc7ee45f6dde9db4c5cc6635d463e8e6e9e66b7be4d52f4cee10a0a9782224e0a6648e244b9e9a69b94d43391dfbede102707278c991f8988d9d6b7de5152beb84f5c82f5117330da4e57d2e945122705858a4011270533f6efdf8f6baeb9c6dc812aa97f72fffdf7232f2fcf5423ca87fd1327254a8ca288934265a08893422914141420373757493d95cac4ac51c449495d11459c142a03459c141414aa04459c94d41551c449a13250c4494141a14a50c449495d11459c142a03459c141414aa04459c94d41551c449a13250c4494141a14a50c449495d11459c142a03459c141414aa04459c94d41551c449a13250c4494141a14a50c449495d11459c142a03459c141414aa04459c94d41551c449a13250c4494141a14a50c449495d11459c142a03459c141414aa04459c94d41551c449a13250c4494141a14a50c449495d11459c142a03459c141414aa04459c94d41551c449a13250c4494141a14a50c449495d11459c142a03459c141414aa04459c94d41551c449a13250c4494141a14a20716ad4a8115ab66ca944895dcb534f3d85fffb3fd51d2a540caaa62828285409e9e9e9f8f9e79f3174e850254aec5ec68e1d6baad90a0ae543112705050505050505850a42112705050505050505850a42112705050505050505850a42112705050505050505850a42112705050505050505850a42112705050505050505850a42112705050505050505850a42112705050505050505850a42112705050505050505850a01f87ff94922b4269392ee0000000049454e44ae426082, 'indian', 'hindu');
INSERT INTO `student` (`sid`, `did`, `first_name`, `last_name`, `grp`, `dob`, `father_name`, `email`, `mobile`, `gender`, `caste`, `address`, `image`, `nationality`, `religion`) VALUES
(20154170, 4, 'narendra', 'kuamr', 'csb', '1996-10-15', NULL, 'n@gmail.com', NULL, NULL, NULL, '', 0x89504e470d0a1a0a0000000d49484452000001880000006408060000009cb2a76b000000017352474200aece1ce90000000467414d410000b18f0bfc6105000000097048597300000ec300000ec301c76fa8640000180949444154785eeddd09581377fec7f1804450a8025150c08a0762d54a1515cfb5d4a36aabf558f48feb85d4ba5a756dabee5a116fd47a6cabd6fba86dd55aad176a0f5db5f55656511165e51017e458ae0dc48049f6f39f1906086140ac84fc06bfafe799e7619249cc8033effc6672284008218448a04010420891448120841022890241082144120582104288240a0421841049140842082192281084104224512008218448a24098833e0967b6adc1aa55abb06af55a7cf97538ae3ccc13af0474770f62f5d757c539401bf70b362d9c858f3e5d859d3f4523c7c05d981b813dcb9762e9529369f937b89a53783b29b911df61eb2f0fc5b97218b4d068c59f9f451785ef57edc76d9d384f0879695020cca1e057fcc5cb09defe833164f000f8776e0ea7467db036b240b83aefeb0150f8ae147ed6dfdf80fe8d1ac3775830a6bc3f029d1b3bc237e422f2328f62f6803ee8d3c71f9ddc145034f6857f1f6e7ec0c73898c617448a01896b7bc373f229715e82210d0782fc31fb7ce1637926cd3e8c7019863d1a719e10f2d2a04098031f086f1f7c7abde869b71aff98e60dafe96791cfcd9504428788796fa0d594d3281a5fe447cc838feb68fc50bc432ec0c519cdd074da05eea767a94420f40fb0a2bb3766fc56c940c88e0ef78e6cc0e168d3218f1e31e15fe25054c54321835683ca0eae4aa9c4a8acca477784981905c21cca0442873b8bbaa0f5ccdf849dbc71206e8676c0abffb7174945fb6bfd235c3971090ff992089e150803527e0cc590d71ba381e75bf860940f9a0a81d023e1e074f4f0a80b6ba513bc7a7f887df10588ddf81e5c6bd7427dcf41587d3b5f62197de1dd16d11ec244eff138c8052b3f7c3afa7fb804337bb9a3ae6d037499790c8fcb1bcc588c06fb86a930f45bd3218f163f0436c4e05d2587fa4c19d20e20c87f362a3bb82a56a9519919467784981905a2027abdc9ced244626222e6cf9f8f0d1b36889788f840b472c79b7f0ec58205f3f1d7a943d1c16714763f280c46a9434c71bb31dcdd06759bf4c09fe66d42f8ad3493103c2310b9c711e4de02e30fc423ebc15e8c69aa803bbf13521f4480ea354c3d168b6c750cb60d56a1d59c0814e4456241172f4c3e910e4db6f432a59e63e7ed421f853f7670fb55cddea1502ab8e58fc620f14a187abdd2018bef55fc3baa2ac78f1fc7d1a347c5b98afcfe40e81fac4077ef1978eec155a5466534ba23f2438128c79e3d7b3066cc1871ae041f8d23478e60e0c08168d0a00166cc9881f8f878f15a91700e4285b6fdff888080e178d7bf039ab8b645d0de78ee797de940f074e937f1fdf2f7d1bf8d0a4aeb7a68ffe111a367e61507a2e0cc5434efb8007784fd34375259d0a17004519082db57ef21cb6080e671240e047bc125e824f28d7742e52d23dcb3c8241075baae4612ffd80c4958ddbd09269d2eb5b4593c7dfa14cd9b37c76fbffd265e5222e7fa3a8c6ceb04a58d23da8dde8ebb057c209cd023781a7abb3bc0ae812fa61e4ae296340a84ee3eb60676c3f0cf234b0e27e963b1f13d57d4ae551f9e8356e3b64e8d880d7fc21baef6b06fd4091377dd2d5c36eb1c160ff082a37d7d34e93c1e5b6fab4d4665c67935f3e88e1033a3409830703bcbd0d05028140ad8d8d820353555b89c1f2d848484c0dddd1d3d7af4c0eeddbbf1e4c913e1ba32ca1c62e27614df05a2499bd9b8c4ed974b02a1475e5a0ab28c0e27a59c5b84de2eaf1bddb6e24068f707c0f9edadc816e77377bd8b16c24e488d2bebc6a2bba70394f55bc0b7657d388f3f513a10e52d23dc93c824108eef7ccd3d47e7a561c39bae9870c2fc81d8b87123faf7ef2fce1929b88639de2af4fb3c02e949e730b79323fa6d89e702a184a2f5141cbef700e716f78653c7c5dcc26220763ec6b9d91dd174e0975c4c0aefa6900179910bd0c56b324ea46bf0e4ea1cb4761f86ed51d9c8bab91e83dcfd1016cdedc457f68477d0f788cb4ac1a585bdd078d8b7c8341e9519efc3cd3dba23c4cc281046f81dfec891238538144dfc28c278b4101515252e5d813281e05210bd147e6ee370847b1a5a1c08fd5d2ce9e28eb18773c5a53886c7d8d0c70d63f90505150722ffc76078740dc30361c764c0a3bfbf291cc6d05d9d85968efe58f6eb236e87ae47cce20e701e73ac5420ca5d46b867916920867c53ad81e0ff267c94232222c44b4ae8aecd42ab2653f0abf88bc9b9731aa7a293b94038a0fbea47dc6f83fb8da4acc39beec1dc4f7c2054f07d6f309a349f88f08cb2274f4a0e3115e0c28ce668f5973348494f477a7a320e8d7383ef9268dc5fd90d0d3bfd199b4fc7429daf8186ff13977368c8eca33b42cc8c02217afcf8313a77ee5c2a0efc64676787afbefa0a5aed73bcb4443807d106d3c21f203e3e0ef7234f63fd282fa8dede88446ebf543282d0e1e6e2ce706e3d0e5b2f25425d908bd8f04fe0e73e009bf90505cf3807917d08639af8e0af977361d0dec2523f5be1596a7ef858387b7d82abfc8d722e62eeeb0ad88e3800ad21116b7ab923f040263447cb5946b863918503f1d9679f61f8f0e1e25c69f927c6713beb30c495dad7f387989c31e41bf11c44d616f4731dcbfdc007a23e14aa66f054f9625164d9e7e22581d0e240401d28ec9ca152a9c4c9157ef3af429777039bc6fbc14da9807d8b3ef8881b1de8ca0984d94777849819058273e3c60d787878948943d1f4f3cf3f8b4b56121f88963685b7b7b2861db7537aa3ff87f8e65ee10ea4d43908ed1dec0cea08e75a0a5859d9a06ee3ee98792c59385751e81981e0968cff2e08af39a9e0e6d61203fab52f7c96aafe1573dbd78695a33bdc3d7c31e183b7d0a0fb1a2e5005b834cf07760a774c3a72aa9c65c4bbe65930106ab51a2e2e2e888e8e162f29ade0c27478b69a85abe2be5e7b6d0fd69fbc5bfa2475a94034449f8dc9b816e203d7213b0bcfa5182909443e7e0a76c31b0bee16ff1df2521290a4d6439b1a83f84c03f499b7f043683f346e3401c735d28130fbe88e10337be90371f8f061d4ad5bb74c148ca7f29ec156257d5e2a121e65951381673368d2909c69726b7d2e1ec73f4276496d8a69b99d6f3ebf83ac60194b5bb06001c68d1b27ce49c83d81095c14a79dcb86a1201edbdf6d882e2b6e571808fe24b521931b7579b4c094534687f63886c435e8e51e8803997a641c1a8d46ada6e054860186ec0b98ddd609ef7d9382f37f6905ef0fff812cee77a7bd19828ecda6e01f4f4a46657ae3e8987b74478899bdb481f8dffffe87952b5772cfdaad8440346edc18dededee8d2a50bfaf5eb8711234660e2c489983973a6f01117fcc96b527d32323284433b090909e22552f448f83e18de75eba07e1d051cfc16e2bcdae465ae1281e06f777f6d6fa8fcc270c7f84853c125ccf3b183c27d127ed124607f701bbc62af82a352098f615bc0bff74e9ff02dc6b6ac035b6757eebae618b9e33e776f46a3b25f8c9fe39b7974478899bdb481e05fae9a9999099daeecb16862799f7cf209a64e9d2ace3d437e3a17928c2a3afca2855a9d2f9ce0e615643e445c722eb7ab37a253e3716c2c52724b0fbb8a4765266ae2e88ebc1ce81c04614e7272329c9d9d85170e10422ce7a50c04ff8edc59b366d588e9f2e5cbe25ac9537676b6f0be13e375f2f1f1115e51667c19ebd39c3973f09ffffc475c2b79ba73e70e66cf9e2db97e729a962f5f2eae1179512f6520f8730dfcc9e76eddbac97ae2d7212020405c2b79e25f2460fcb7e8d0a183f006c54e9d3a955a57d6277e1db66ddb26ae953cf187f4e4be5df0ef57e2d7a1e27357a4b25eca40b469d3064b962c11e7e46bf4e8d1c2c974393b74e890b04117e1df98b868d122714e3ef81dd3962d5bc439799a32650afaf6ed2bcec9536464a4f0ff292e2e4ebc84bc080a848cd5b440f0ef52777575456e6ee9979fca0105820d1488aa458190b19a1688a1438762cd9a35c2cf724381600305a26a512064ac2605e2dab56b68d2a4c9f37da4094328106ca040542d0a848cd5a440f03b2639ef6029106ca040542d0a848cd5a440b46cd952d66f5aa440b0810251b5281032569302c17f41939c5120d84081a85a140819ab0981983b77aeb041f39f8d25671408365020aa160542c6e41e083e0a9e9e9ec2062d771408365020aa160542c6e41e887dfbf6c1cbcb8b02c1080a0431458190313907823f21cdc761e1c285140846502088290a848cc93910fce716bdf5d65ba5de2827671408365020aa160542c6e41a88fcfc7cbcfaeaabb872e50a058221140862ca825ba601faa2ef6734e8b99f0b7fac0e1408cbfafcf3cf3164c810e1670a043b2810c494c5b64cedb100582b46e0a85687884fdba141e0c16afbbe5d0a84e5e4e5e5a151a346b87dfbb6304f816007058298a240c8981c03c17fbf776060a03847816009058298aab62dd390978a87c93928fa30050ac48b935b20b2b2b2841de983070fc44b28102ca1401053e6df32f549089ffd07b82aadb83f9c128dfd17e06c56f981505f0c4167552b4c3c985c787b33a0405806ffaee94993268973852810eca040105366de320d48da3e18ce2e7db1fc422ab2e3c2f1b16f7db49b7b4d3210798ff6617453157a2dbb8e3cf11ecc810251fd525353a152a9f0ef7fff5bbca41005821d140862cacc5b6606b6bfe380d6b32fa340983720ebdc462cda13592610aae10b11da4b8516e30f20497c7193b95020aadff4e9d33173e64c71ae0405821d140862cabc5ba62e12a13e0e18bc2b47bca084692094364ad452d4864fc875e48bcb980b05a27a2526260aa387f4f474f1921214087650208829b30762be1008b5784109d340d87a05e3abf57f84abd3406c7e68de210405a27a050505212424449c2b8d02c10e0a043165e62d3303db0639a0ddbc88e2572f657f178c8ea3774a9fa4d64521cccf1e4ddf3f816c717973a040549ffbf7efa361c386c8c9293b8ae45120d8418120a6ccbc651a90b879201c3d86636b542ef4591711dad5096dff76453a10dc2dd43f4d86675d5f2c8a34dfb78b5120aa4f40400056ac5821ce954581600705829832ff96a94bc0c1a9be70ac65239c6770ebbb0c17b82793e505028687d83cd011aa213b849b9b0305c27cce9f3f8fa74f9f0a3fdfb871036e6e6ed06834c2bc140a043b2810c454b56d99051971b8179f29be9ac9b22810e6c37f8437fffdd27bf7eec5c08103b161c306f11a6914087650208829f96f99bf0305c23cf84f69b5b6b61636507e522a9542002afa3a510a043b2810c4140542c6580b04ff017c4571309eba76ed8a88880871a9d22810eca0401053b2d9323ffae823383b3b57c9c4ff075ab66c9978cff23561c204615da4d6d11293bdbdbdf0784ca75ab56ac1d1d151f23645cbc89d9d9d9db0fe52eb289789ff3bf4efdf5f5c23798a8e8e2efe3f25b58ee69cc2c2c2c4475173c866cbfce73fff297c0b59554c3b77ee2cf765977292909080eddbb74baea325a6c18307176f9c4593a7a7a7f0fd0f52cb174d67cf9e15d748be76ecd881f5ebd74bae9f9ca67ffdeb5fe21ac9d7fefdfb25d7cddc534d1cb5bc94879888798c1c39b2541c7af6ec89fffef7bfe2b58410b9a140902ad3ae5dbbe238f4e9d347f8722042887c51204895d0e974a85dbbb6108777de79075a6d757dbb0721c45c2810a44ac4c4c40871e05f555550c0c2bb5d08212f8a0241aac49123478497ddf223094248cd40812055821f41e8f57a718e105213502008218448927520d46a758d986ac26119febc83d4bac969cacdcd15d746def80f47945a3f394d4f9e3c11d78658926c03c1bf6bb1e82595729fe4fef106fc37c5d5a9534772dde436ad5cb9525c2b793a76ec98e47ac971e23f0d9858966c0391919181d3a74fe3d4a953b29efaf5eb8766cd9a896b254fb1b1b1c206bd66cd1ac97594cb54af5e3d4c9d3a555c2b79dab46993f0b7905a3fb94c3ffffcb3b00efc0b1f8865d139080be3bf4c87ff886c392b0ac4ad5bb7c44be4897f735f4d08848b8b8b38274f06838102c1080a84855120d84181600305821d14080ba340b08302c1060a043b2810164681600705820d14087650202c8c02c10e0a041b2810eca040581805821d1408365020d84181b0300a043b28106ca040b0830261611408765020d84081600705c2c22810eca040b08102c10e0a84855120d84181600305821d14080ba340b08302c1060a043b2810164681600705820d140876544f20f47ae123adcb4e7ae80de2322fc8c0fd1bd5f37535066e758a1e34fff38bfdab1408765020d8408160473504220fbb87d80a7ff0b293123e2137f0fbbe0d211f71c7b6e2500cb783ce3f8389f51578ef8046bcce7cb4c70260ad1881a35a4017f129da3508c4c117f87e7e0a043b28106ca040b0a31a02a1c7a32bc770f8f0616efa06d37c6dd134602d7e10e68fe24c740ef73cfc77d01ec5b8466d30e74a01f74fc4e0dbd9d3b0e5a6f9bf788702511605821d14085295aaf91c443ab6bc6d8fb67fbb2a396a3068d29094a6291b0c8306690f1391912fcef3b44730b62810e529c844d263b5c4a1271db253d2a0a944990c79a978989c53fc782910655120d841812055898d40e893707cf61fe0aa2c3cece4de77014ea716eebdf36f6fc2889675616565056b5b0ff45b7c0e19ba04aced6d0b2bee3f91552d2704ee3d89f79d94187650c345e12266bdee8bc94b82d1bebe8d707f1e03fe8e0871279e77731d46b67386526105dbe6c33079584b7408b95e78a531ee31850b8fc94ab88fc6fe0b7036ab8240a82f22a4b30aad261e44f2730c892810eca040b08102c10e060261c0c3cd03e0e8f62ebeb896096dfa25ac7edb15aea3f623c3908bfd231ba2fdb470c4666723f6d874f8bcd20d2bee3f457eda5e8c72f1c68cd3a9c8551b9d83e002f1712b25ecda4cc49e5bc978f8eb22f4766a80c003b9dc1efd0e967671408b717b11a3cec6eded23d1d4ca1a6d3f350d840149db07c3d9a52f965f4845765c383ef6ad8f7673af490722ef11f68d6e0a55af65b89e27de45255120d84181600305821d960f842109ebfcebc277c9dde2434105173f86b7e308eccd49c5a67e0e786dd241dccfe19e961b3270efea2d24f3e7a28d0f31199fa416025107feeb92c4435599d8cafd9b5d57c4401fbd149decfdb1ee91f8145f1f8755dd6d25029181edef38a0f5eccb283c806540d6b98d58b427b26c2054c3b130b417542dc6e340d2730c1d441408765020d840816087e50351f02b6634b781532b3f74ebd6ad70ead40cf5945db08c1b29a41cfd00aded14b0aed702fe1316e2ebcb2985b7ad2810de2e1873583ca6040df60cab0fdfc551c83f190c77f7f7f163f1b90c2dc283dcf0ba6920749108f571c0e05d39e20525ca04426903652d056afb84e0baf139924aa240b08302c1060a043b1808c4594cf3b44797a91bb175ebd69269fb214464153e23d7249ec7ee8513f066330758dbb5c39cf3dcdeb9c240b823e8b844204e04c3ad5110c28baee20271745c23c940cc1702a1162f28512610b65e08fe6a3dfee8ea84819b1f963dc1fe0c1408765020d840816087e503a18fc7aa1e76dc0ebce4109321e904febe642f6ee53dc48f6bc3f0fd3d7169dd3d84f9d5110e4715beccf535ccba5cf940e8e356a1475d6e64724ffc97f4d158d2a9b6e421a66d831cd06e5e44f1e3ccfe2e181d47ef2ce724b50e51617eb06ffa3e4e648b37a8240a043b28106ca040b0838193d47adc5ff30738341a84cfaf67233ffd26b60736837dd730dc7d9ac2eda81de1397a0f62b99d70e69d5d086ca6c2f06f33b828fc820f9aa8d037ec3462924f572a10d02760f30027b8f65d8823972fe3f0823e68a8903e499db879201c3d86636b542ef4591711dad5897bdc57ca09047713f54f98ec5917be8b228dd6edd92810eca040b08102c10e0602c12988c5fe3ffbc2d1da1ad6d60ad46d39025f4616eee0f36f6dc0d06675504ba9848dd52b78ed4f3b210c280ce9383aa915ecac94f05f7b0041950904c790f20b4207b54683579ce035f06ff8d0df81dba9175e578a2e0107a7728fa9960d94364ab8f55d860b391287988adf07c1bf1a8b8b8a6a08763cc7c96a0a043b28106ca040b0a39a0351315df64344df4f86daf49d6d05d9488c8e424c6a9ec99bde0cd0646522cf74f9f2e4c7e1f2d9bbc828da7f1b52f1651f7bf8af7f2c5e505641461ceec5678aaf66aa7a1408765020d8408160075381303bfebc854b138cfe361e1a8316c967e6a3bbe3eb9877fd790e0a552d0a043b28106ca040b0e3e50a047488da340c4d6dad50bb8e2dac6c5cf166e899921185055020d84181600305821d2f59200a69d36370fde265443dd68897580e1f087e63f8e28b2f643bcd9831a34604c2cfcf0f3d7bf6945c47b94ceddbb747bd7af5c43592a7a240f0c1965a47734e274f9e141f05e1bd948160c9a953a7e0eaea0a0f0f0fd94efce3f7f1f1415a5a9ab856f2c4ef909c9c9c24d7512e133f7a18356a94b846f2e5efef2fac8bd43a9a73aa09bfbbaa448120841022890241082144120582104288240a042184104914084208219228108410422400ff0f999e92a1940521180000000049454e44ae426082, '', '');

-- --------------------------------------------------------

--
-- Table structure for table `user`
--

CREATE TABLE `user` (
  `id` int(10) NOT NULL,
  `password` varchar(30) NOT NULL,
  `type` varchar(10) NOT NULL
) ENGINE=InnoDB DEFAULT CHARSET=latin1;

--
-- Dumping data for table `user`
--

INSERT INTO `user` (`id`, `password`, `type`) VALUES
(20154100, 'jangidnaval123', 'student'),
(20154141, 'jangidnaval123', 'student'),
(20151010, 'jangidnaval123', 'student'),
(20001001, 'jangidnaval123', 'faculty'),
(20004001, 'jangidnaval123', 'faculty'),
(20154170, 'jangidnaval123', 'student');

--
-- Indexes for dumped tables      
--

--
-- Indexes for table `attendance`
--
ALTER TABLE `attendance`
  ADD PRIMARY KEY (`attid`);

--
-- Indexes for table `course`
--
ALTER TABLE `course`
  ADD PRIMARY KEY (`cid`),
  ADD KEY `fid` (`fid`),
  ADD KEY `did` (`did`);

--
-- Indexes for table `department`
--
ALTER TABLE `department`
  ADD PRIMARY KEY (`did`),
  ADD UNIQUE KEY `did` (`did`),
  ADD UNIQUE KEY `hodid` (`hodid`);

--
-- Indexes for table `enrollment`
--
ALTER TABLE `enrollment`
  ADD PRIMARY KEY (`eid`),
  ADD KEY `sid` (`sid`),
  ADD KEY `cid` (`cid`);

--
-- Indexes for table `faculty`
--
ALTER TABLE `faculty`
  ADD PRIMARY KEY (`fid`),
  ADD KEY `did` (`did`);

--
-- Indexes for table `student`
--
ALTER TABLE `student`
  ADD PRIMARY KEY (`sid`),
  ADD KEY `did` (`did`);

--
-- AUTO_INCREMENT for dumped tables
--

--
-- AUTO_INCREMENT for table `attendance`
--
ALTER TABLE `attendance`
  MODIFY `attid` int(10) NOT NULL AUTO_INCREMENT, AUTO_INCREMENT=43;
COMMIT;

/*!40101 SET CHARACTER_SET_CLIENT=@OLD_CHARACTER_SET_CLIENT */;
/*!40101 SET CHARACTER_SET_RESULTS=@OLD_CHARACTER_SET_RESULTS */;
/*!40101 SET COLLATION_CONNECTION=@OLD_COLLATION_CONNECTION */;
